task,model,encoding,seed,mode,vqc_train,roc_auc,per_label_auc,depth,n_2q,phys_qubits,runtime_s,roc_auc_noent,ent_sensitivity
ptbxl,pqk,angle,0,noisy,,0.43931456926978407,0.5765;0.6227;0.3950;0.3483;0.2542,30,20,"21,22,23,24,25,36,37,41,42,43,44,45",121.7,,
ptbxl,pqk,zz,0,noisy,,0.5121085290080322,0.4836;0.4340;0.5041;0.4347;0.7042,90,28,"3,4,16,23,24,25,37,45",3.6,,
ptbxl,pqk,zz,1,noisy,,0.50728398587005,0.4921;0.5125;0.5770;0.5516;0.4032,90,28,"3,4,16,23,24,25,37,45",3.6,,
ptbxl,pqk,zz,2,noisy,,0.5333639713657055,0.4955;0.5160;0.5191;0.5356;0.6007,90,28,"3,4,16,23,24,25,37,45",3.6,,
ptbxl,pqk,angle,1,noisy,,0.5187792191517631,0.6925;0.3739;0.3772;0.3802;0.7702,30,20,"21,22,23,24,25,36,37,41,42,43,44,45",154.6,,
ptbxl,pqk,angle,2,noisy,,0.5399246571874217,0.6479;0.4199;0.5982;0.5011;0.5324,30,20,"21,22,23,24,25,36,37,41,42,43,44,45",182.6,,
ptbxl,fqk,angle,0,noisy,,0.5183654478585391,0.6984;0.3019;0.7006;0.6336;0.2573,7,0,"0,22,32,51,62,86,107,152",414.3,0.5183654478585391,0.0
ptbxl,fqk,angle,1,noisy,,0.6893180838382522,0.6915;0.6458;0.6120;0.6866;0.8107,7,0,"0,22,32,51,62,86,107,152",476.2,0.6893180838382522,0.0
ptbxl,fqk,angle,2,noisy,,0.6044998518528535,0.6496;0.7375;0.5477;0.4262;0.6615,7,0,"0,22,32,51,62,86,107,152",468.4,0.6044998518528535,0.0
ptbxl,fqk,zz,0,noisy,,0.5502563644392815,0.6007;0.5760;0.5056;0.5033;0.5656,170,54,"50,51,58,71,72,73,74,75",576.4,0.4145989849533008,0.13565737948598072
ptbxl,fqk,zz,1,noisy,,0.4833553806950042,0.5372;0.4887;0.5389;0.4521;0.3998,170,54,"50,51,58,71,72,73,74,75",583.7,0.5212926802659587,-0.03793729957095443
ptbxl,fqk,zz,2,noisy,,0.4805307727131776,0.4625;0.4827;0.5279;0.4600;0.4696,170,54,"50,51,58,71,72,73,74,75",543.6,0.414653634130134,0.06587713858304362
ptbxl,vqc,angle,1,noisy,sv,0.5959154040360439,0.5538;0.6167;0.5944;0.5536;0.6610,193,80,"21,22,23,24,25,36,37,41,42,43,44,45",1751.0,0.5179523807905073,0.07796302324553661
ptbxl,vqc,angle,2,noisy,sv,0.5629473417789528,0.6071;0.4808;0.4931;0.4845;0.7492,193,80,"21,22,23,24,25,36,37,41,42,43,44,45",1752.2,0.5082254157549138,0.054721926024039025
ptbxl,vqc,reuploading,0,noisy,sv,0.5004946385152931,0.4435;0.4765;0.5588;0.5381;0.4854,225,80,"21,22,23,24,25,36,37,41,42,43,44,45",1704.1,0.5182387949386346,-0.017744156423341484
ptbxl,vqc,angle,0,noisy,sv,0.5618375383122809,0.5039;0.4568;0.5639;0.6189;0.6656,193,80,"21,22,23,24,25,36,37,41,42,43,44,45",1796.4,0.5311434179531723,0.030694120359108568
ptbxl,vqc,reuploading,2,noisy,sv,0.4762991527899637,0.4990;0.4681;0.3703;0.5190;0.5251,225,80,"21,22,23,24,25,36,37,41,42,43,44,45",1698.0,0.4819724673423543,-0.005673314552390618
ptbxl,vqc,reuploading,1,noisy,sv,0.519732844253584,0.4479;0.5532;0.4664;0.5025;0.6287,225,80,"21,22,23,24,25,36,37,41,42,43,44,45",1733.2,0.4675115917376947,0.05222125251588933
ptbxl,vqc,zz,0,noisy,sv,0.5238123371001165,0.4418;0.5907;0.5153;0.6555;0.4156,266,106,"21,22,23,24,25,36,37,41,42,43,44,45",2458.4,0.5221658188837249,0.0016465182163916126
ptbxl,vqc,zz,2,noisy,sv,0.4860814649770778,0.4637;0.4587;0.5537;0.4185;0.5358,266,106,"21,22,23,24,25,36,37,41,42,43,44,45",2435.7,0.4801035796395672,0.005977885337510647
ptbxl,vqc,zz,1,noisy,sv,0.49275737862154323,0.4688;0.4612;0.5482;0.5636;0.4220,266,106,"21,22,23,24,25,36,37,41,42,43,44,45",2469.0,0.5054148684906223,-0.012657489869079108
apnea,pqk,angle,0,noisy,,0.6047654139032178,0.6048,22,15,"56,60,61,62,63,76",8.3,,
apnea,pqk,angle,1,noisy,,0.5096813725490196,0.5097,22,15,"56,60,61,62,63,76",8.4,,
apnea,pqk,angle,2,noisy,,0.6435960591133005,0.6436,22,15,"56,60,61,62,63,76",8.3,,
apnea,pqk,zz,2,noisy,,0.5828817733990148,0.5829,72,20,"61,62,63,76,80,81",9.0,,
apnea,pqk,zz,1,noisy,,0.49901960784313726,0.4990,72,20,"61,62,63,76,80,81",9.0,,
apnea,pqk,zz,0,noisy,,0.5524441169245885,0.5524,72,20,"61,62,63,76,80,81",9.1,,
apnea,vqc,angle,1,noisy,sv,0.7448529411764706,0.7449,175,81,"56,60,61,62,63,76",53.4,0.478186274509804,0.2666666666666666
apnea,vqc,angle,0,noisy,sv,0.6956521739130435,0.6957,175,81,"56,60,61,62,63,76",53.6,0.5507246376811594,0.14492753623188404
apnea,vqc,angle,2,noisy,sv,0.7300492610837439,0.7300,175,81,"56,60,61,62,63,76",53.7,0.5640394088669951,0.1660098522167488
apnea,vqc,zz,1,noisy,sv,0.4735294117647059,0.4735,235,95,"56,60,61,62,63,76",91.5,0.4759803921568627,-0.0024509803921567985
apnea,vqc,zz,2,noisy,sv,0.5820197044334977,0.5820,235,95,"56,60,61,62,63,76",91.7,0.5275862068965517,0.05443349753694604
apnea,vqc,zz,0,noisy,sv,0.45615327929255717,0.4562,235,95,"56,60,61,62,63,76",91.9,0.45345124048145424,0.0027020388111029248
apnea,vqc,reuploading,0,noisy,sv,0.5647261115205109,0.5647,164,76,"56,60,61,62,63,76",103.7,0.48464750675509705,0.08007860476541384
apnea,vqc,reuploading,1,noisy,sv,0.4661764705882353,0.4662,164,76,"56,60,61,62,63,76",103.7,0.5767156862745099,-0.11053921568627456
apnea,vqc,reuploading,2,noisy,sv,0.7182266009852217,0.7182,164,76,"56,60,61,62,63,76",104.5,0.5288177339901478,0.18940886699507398
apnea,fqk,angle,0,noisy,,0.7543601080815524,0.7544,7,0,"0,22,32,51,62,152",372.1,0.7543601080815524,0.0
apnea,fqk,angle,2,noisy,,0.7970443349753694,0.7970,7,0,"0,22,32,51,62,152",390.9,0.7970443349753694,0.0
apnea,fqk,angle,1,noisy,,0.7919117647058824,0.7919,7,0,"0,22,32,51,62,152",463.0,0.7919117647058824,0.0
apnea,fqk,zz,1,noisy,,0.48676470588235293,0.4868,134,38,"3,16,23,24,25,26",497.1,0.5894607843137255,-0.10269607843137257
apnea,fqk,zz,0,noisy,,0.45001228199459586,0.4500,134,38,"3,16,23,24,25,26",540.7,0.48710390567428147,-0.037091623679685604
apnea,fqk,zz,2,noisy,,0.45935960591133,0.4594,134,38,"3,16,23,24,25,26",563.1,0.5263546798029557,-0.06699507389162568
wesad,pqk,zz,0,noisy,,0.5139729184673005,0.5140,90,28,"3,4,16,23,24,25,37,45",4.1,,
wesad,pqk,zz,1,noisy,,0.47743201569946736,0.4774,90,28,"3,4,16,23,24,25,37,45",4.2,,
wesad,pqk,zz,2,noisy,,0.4640218878248974,0.4640,90,28,"3,4,16,23,24,25,37,45",4.2,,
wesad,pqk,angle,1,noisy,,0.5442949257078777,0.5443,30,20,"21,22,23,24,25,36,37,41,42,43,44,45",148.2,,
wesad,pqk,angle,2,noisy,,0.7072503419972641,0.7073,30,20,"21,22,23,24,25,36,37,41,42,43,44,45",148.3,,
wesad,pqk,angle,0,noisy,,0.581676750216076,0.5817,30,20,"21,22,23,24,25,36,37,41,42,43,44,45",148.6,,
wesad,vqc,angle,0,noisy,sv,0.6150965139729185,0.6151,193,80,"21,22,23,24,25,36,37,41,42,43,44,45",398.8,0.456352636127917,0.15874387784500155
wesad,vqc,angle,1,noisy,sv,0.6358284272497897,0.6358,193,80,"21,22,23,24,25,36,37,41,42,43,44,45",430.1,0.5668629100084104,0.06896551724137934
wesad,vqc,angle,2,noisy,sv,0.49630642954856363,0.4963,193,80,"21,22,23,24,25,36,37,41,42,43,44,45",431.9,0.5644322845417237,-0.06812585499316004
wesad,fqk,angle,1,noisy,,0.783851976450799,0.7839,7,0,"0,22,32,51,62,86,107,152",541.0,0.783851976450799,0.0
wesad,vqc,reuploading,1,noisy,sv,0.5934959349593496,0.5935,225,80,"21,22,23,24,25,36,37,41,42,43,44,45",446.9,0.536865713484721,0.056630221474628595
wesad,vqc,reuploading,0,noisy,sv,0.4344569288389513,0.4345,225,80,"21,22,23,24,25,36,37,41,42,43,44,45",475.2,0.46297896859694615,-0.028522039757994833
wesad,vqc,reuploading,2,noisy,sv,0.5094391244870041,0.5094,225,80,"21,22,23,24,25,36,37,41,42,43,44,45",489.5,0.4716826265389877,0.03775649794801644
wesad,fqk,angle,0,noisy,,0.7415730337078653,0.7416,7,0,"0,22,32,51,62,86,107,152",607.4,0.7415730337078653,0.0
wesad,fqk,angle,2,noisy,,0.7712722298221615,0.7713,7,0,"0,22,32,51,62,86,107,152",609.4,0.7712722298221615,0.0
wesad,vqc,zz,2,noisy,sv,0.5146374829001368,0.5146,266,106,"21,22,23,24,25,36,37,41,42,43,44,45",596.1,0.5570451436388509,-0.04240766073871416
wesad,vqc,zz,1,noisy,sv,0.4496776002242781,0.4497,266,106,"21,22,23,24,25,36,37,41,42,43,44,45",606.3,0.5657415194841604,-0.1160639192598823
wesad,vqc,zz,0,noisy,sv,0.5499855949294152,0.5500,266,106,"21,22,23,24,25,36,37,41,42,43,44,45",639.0,0.4580812445980985,0.09190435033131672
wesad,fqk,zz,2,noisy,,0.4476060191518468,0.4476,170,54,"50,51,58,71,72,73,74,75",785.0,0.5160054719562243,-0.06839945280437748
wesad,fqk,zz,0,noisy,,0.47421492365312595,0.4742,170,54,"50,51,58,71,72,73,74,75",849.3,0.38720829732065687,0.08700662633246908
wesad,fqk,zz,1,noisy,,0.552565180824222,0.5526,170,54,"50,51,58,71,72,73,74,75",874.7,0.4345388281469022,0.11802635267731981
