task,model,encoding,seed,mode,vqc_train,vqc_loss,roc_auc,per_label_auc,roc_auc_noent,ent_sensitivity,runtime_s
ptbxl,vqc,angle,2,sv,sv,legacy,0.5339105923445168,0.6637;0.4010;0.5687;0.5244;0.5117,0.4793535300596048,0.05455706228491197,208.5
ptbxl,vqc,angle,0,sv,sv,legacy,0.494282717257683,0.7449;0.3601;0.4788;0.4678;0.4198,0.559581307288773,-0.06529859003108995,337.4
ptbxl,vqc,angle,1,sv,sv,legacy,0.5470675746554653,0.7098;0.6427;0.3687;0.3879;0.6263,0.5259934162180031,0.021074158437462187,341.1
ptbxl,vqc,zz,0,sv,sv,legacy,0.4759718226739748,0.5406;0.4784;0.4105;0.5712;0.3792,0.5129945907907187,-0.03702276811674393,472.7
ptbxl,vqc,zz,1,sv,sv,legacy,0.4577904121645028,0.5290;0.5648;0.4453;0.3129;0.4370,0.5215490585894335,-0.06375864642493068,474.3
ptbxl,vqc,zz,2,sv,sv,legacy,0.45975033755774247,0.3193;0.4880;0.5219;0.4539;0.5157,0.4398497515173717,0.01990058604037076,458.6
ptbxl,vqc,reuploading,0,sv,sv,legacy,0.44528231841893645,0.5100;0.4352;0.3806;0.5183;0.3823,0.4523678701197612,-0.007085551700824755,464.1
ptbxl,vqc,reuploading,1,sv,sv,legacy,0.5142223856930987,0.5427;0.4759;0.5772;0.4843;0.4911,0.49453946195735854,0.01968292373574021,451.4
ptbxl,vqc,reuploading,2,sv,sv,legacy,0.5298407238335013,0.5378;0.5143;0.4810;0.4686;0.6475,0.4954388758576581,0.034401847975843225,325.2
apnea,vqc,angle,2,sv,sv,legacy,0.6376847290640394,0.6377,0.5596059113300492,0.07807881773399017,47.1
apnea,vqc,angle,1,sv,sv,legacy,0.5294117647058824,0.5294,0.5473039215686275,-0.017892156862745145,47.6
apnea,vqc,angle,0,sv,sv,legacy,0.5320560058953574,0.5321,0.5178088921640875,0.014247113731269856,47.6
apnea,vqc,zz,0,sv,sv,legacy,0.48587570621468923,0.4859,0.4080078604765414,0.07786784573814781,85.5
apnea,vqc,zz,2,sv,sv,legacy,0.5036945812807883,0.5037,0.48768472906403937,0.016009852216748888,85.8
apnea,vqc,zz,1,sv,sv,legacy,0.4666666666666667,0.4667,0.4816176470588235,-0.01495098039215681,85.7
apnea,vqc,reuploading,1,sv,sv,legacy,0.5845588235294118,0.5846,0.508578431372549,0.07598039215686281,97.8
apnea,vqc,reuploading,0,sv,sv,legacy,0.5546548759518546,0.5547,0.4674527143208057,0.08720216163104888,97.9
apnea,vqc,reuploading,2,sv,sv,legacy,0.470935960591133,0.4709,0.4699507389162562,0.0009852216748768017,99.0
wesad,vqc,angle,1,sv,sv,legacy,0.46930193439865436,0.4693,0.5626576955424727,-0.09335576114381833,62.1
wesad,vqc,angle,0,sv,sv,legacy,0.41659464131374246,0.4166,0.6009795447997694,-0.18438490348602699,62.6
wesad,vqc,angle,2,sv,sv,legacy,0.4963064295485636,0.4963,0.5586867305061559,-0.06238030095759234,67.6
wesad,vqc,reuploading,2,sv,sv,legacy,0.48399452804377563,0.4840,0.5469220246238029,-0.06292749658002728,135.6
wesad,vqc,zz,0,sv,sv,legacy,0.5557476231633535,0.5557,0.45318352059925093,0.10256410256410253,168.2
wesad,vqc,zz,1,sv,sv,legacy,0.5587328287075974,0.5587,0.5063078216989066,0.052425007008690794,168.3
wesad,vqc,zz,2,sv,sv,legacy,0.4429548563611491,0.4430,0.5841313269493844,-0.1411764705882353,179.5
wesad,vqc,reuploading,0,sv,sv,legacy,0.5341400172860847,0.5341,0.4670123883607029,0.06712762892538182,197.9
wesad,vqc,reuploading,1,sv,sv,legacy,0.46201289599102885,0.4620,0.4519203812727782,0.010092514718250623,206.1
