task,model,encoding,seed,mode,vqc_train,vqc_loss,roc_auc,per_label_auc,runtime_s,roc_auc_noent,ent_sensitivity
ptbxl,pqk,angle,0,sv,,,0.5226793698015809,0.5811;0.5670;0.6724;0.6095;0.1833,0.5,,
ptbxl,pqk,angle,1,sv,,,0.6023318234519905,0.6736;0.5932;0.5732;0.3775;0.7941,0.5,,
ptbxl,pqk,angle,2,sv,,,0.5082837070117175,0.6116;0.3913;0.5745;0.4517;0.5124,0.5,,
ptbxl,pqk,zz,0,sv,,,0.5378692750841456,0.4817;0.4399;0.5150;0.5622;0.6906,0.5,,
ptbxl,pqk,zz,1,sv,,,0.4795835755527782,0.4903;0.4933;0.5722;0.4404;0.4017,0.5,,
ptbxl,fqk,angle,0,sv,,,0.6800139688799841,0.7307;0.6202;0.6810;0.6193;0.7490,0.3,0.6800139688799841,0.0
ptbxl,fqk,angle,1,sv,,,0.6619524490580517,0.7577;0.6909;0.6437;0.3643;0.8532,0.3,0.6619524490580517,0.0
ptbxl,pqk,zz,2,sv,,,0.5412810094975875,0.4882;0.5295;0.5419;0.5461;0.6007,0.5,,
ptbxl,fqk,angle,2,sv,,,0.6066221872095102,0.6724;0.7489;0.5783;0.3847;0.6488,0.3,0.6066221872095102,0.0
ptbxl,fqk,zz,0,sv,,,0.4878439414540893,0.4465;0.4656;0.4928;0.5448;0.4896,1.1,0.4786919881388023,0.00915195331528701
ptbxl,fqk,zz,1,sv,,,0.4708203693117562,0.4864;0.4309;0.5333;0.4907;0.4128,1.1,0.5254149281105129,-0.05459455879875674
ptbxl,fqk,zz,2,sv,,,0.5374855271085337,0.5561;0.5028;0.6185;0.5158;0.4943,1.1,0.46624273782905973,0.07124278927947397
ptbxl,vqc,angle,1,sv,sv,bce,0.5928310224516503,0.5573;0.6164;0.5898;0.5464;0.6543,206.0,0.46943916871963315,0.12339185373201716
ptbxl,vqc,angle,0,sv,sv,bce,0.5624358890602369,0.5098;0.4412;0.5798;0.6106;0.6708,281.4,0.48851146442286214,0.07392442463737475
ptbxl,vqc,angle,2,sv,sv,bce,0.5631254252870922,0.6101;0.4801;0.4858;0.4944;0.7452,282.0,0.5109449419556507,0.05218048333144154
ptbxl,vqc,reuploading,0,sv,sv,bce,0.49384071566787124,0.4348;0.4743;0.5654;0.5176;0.4771,362.9,0.5013280793975861,-0.007487363729714813
ptbxl,vqc,zz,1,sv,sv,bce,0.4807350219539617,0.4712;0.4452;0.5292;0.5625;0.3955,472.5,0.46287521232316686,0.017859809630794865
ptbxl,vqc,zz,0,sv,sv,bce,0.5202147443262073,0.4509;0.5820;0.5138;0.6398;0.4146,474.0,0.5452564422203842,-0.025041697894176873
ptbxl,vqc,zz,2,sv,sv,bce,0.4839658146571405,0.4780;0.4525;0.5506;0.4271;0.5117,475.4,0.4740179757531731,0.009947838903967388
ptbxl,vqc,reuploading,2,sv,sv,bce,0.46872352375623977,0.5040;0.4603;0.3601;0.5282;0.4910,465.0,0.49383863529413796,-0.025115111537898194
ptbxl,vqc,reuploading,1,sv,sv,bce,0.5161035791124172,0.4559;0.5513;0.4544;0.5043;0.6147,468.8,0.4756013771561617,0.040502201956255535
apnea,fqk,angle,1,sv,,,0.7561274509803922,0.7561,0.4,0.7561274509803922,0.0
apnea,pqk,angle,2,sv,,,0.623399014778325,0.6234,0.5,,
apnea,pqk,angle,0,sv,,,0.5902726602800294,0.5903,0.5,,
apnea,pqk,angle,1,sv,,,0.6205882352941177,0.6206,0.5,,
apnea,fqk,angle,2,sv,,,0.808128078817734,0.8081,0.4,0.808128078817734,0.0
apnea,pqk,zz,0,sv,,,0.4463276836158192,0.4463,0.5,,
apnea,pqk,zz,2,sv,,,0.5748768472906405,0.5749,0.4,,
apnea,pqk,zz,1,sv,,,0.4823529411764706,0.4824,0.3,,
apnea,fqk,angle,0,sv,,,0.7300417587816261,0.7300,0.4,0.7300417587816261,0.0
apnea,fqk,zz,1,sv,,,0.4970588235294118,0.4971,1.3,0.5963235294117647,-0.09926470588235292
apnea,fqk,zz,0,sv,,,0.4509948415622697,0.4510,1.2,0.47850650945713585,-0.027511667894866143
apnea,fqk,zz,2,sv,,,0.5056650246305419,0.5057,1.2,0.5411330049261084,-0.035467980295566526
apnea,vqc,angle,1,sv,sv,bce,0.7463235294117647,0.7463,47.5,0.5014705882352941,0.2448529411764706
apnea,vqc,angle,2,sv,sv,bce,0.7293103448275862,0.7293,47.8,0.5408866995073891,0.18842364532019706
apnea,vqc,angle,0,sv,sv,bce,0.6897568165070007,0.6898,48.4,0.6168017686072218,0.07295504789977891
apnea,vqc,zz,1,sv,sv,bce,0.46176470588235297,0.4618,85.2,0.4438725490196078,0.017892156862745145
apnea,vqc,zz,0,sv,sv,bce,0.4556619995087202,0.4557,85.5,0.4129206583149103,0.0427413411938099
apnea,vqc,zz,2,sv,sv,bce,0.5763546798029556,0.5764,85.7,0.517487684729064,0.05886699507389159
apnea,vqc,reuploading,1,sv,sv,bce,0.46299019607843134,0.4630,98.1,0.5522058823529412,-0.08921568627450988
apnea,vqc,reuploading,2,sv,sv,bce,0.7177339901477833,0.7177,98.2,0.5039408866995073,0.21379310344827596
apnea,vqc,reuploading,0,sv,sv,bce,0.5708671088184721,0.5709,98.9,0.46917219356423484,0.1016949152542373
wesad,pqk,angle,0,sv,,,0.6119273984442524,0.6119,0.2,,
wesad,pqk,angle,1,sv,,,0.5766750770955986,0.5767,0.2,,
wesad,pqk,angle,2,sv,,,0.6813953488372093,0.6814,0.2,,
wesad,pqk,zz,0,sv,,,0.5070584845865744,0.5071,0.3,,
wesad,pqk,zz,1,sv,,,0.47406784412671715,0.4741,0.3,,
wesad,pqk,zz,2,sv,,,0.4864569083447332,0.4865,0.3,,
wesad,fqk,angle,0,sv,,,0.7747046960530107,0.7747,0.5,0.7747046960530107,0.0
wesad,fqk,angle,1,sv,,,0.7460050462573591,0.7460,0.4,0.7460050462573591,0.0
wesad,fqk,angle,2,sv,,,0.7696306429548564,0.7696,0.5,0.7696306429548564,0.0
wesad,fqk,zz,1,sv,,,0.5113540790580321,0.5114,1.7,0.5287356321839081,-0.01738155312587597
wesad,fqk,zz,0,sv,,,0.5661192739844425,0.5661,1.9,0.409536156727168,0.15658311725727453
wesad,fqk,zz,2,sv,,,0.537482900136799,0.5375,1.7,0.47318741450068397,0.06429548563611504
wesad,vqc,angle,1,sv,sv,bce,0.6389122511914774,0.6389,63.0,0.5079899074852817,0.1309223437061957
wesad,vqc,angle,0,sv,sv,bce,0.6110630942091616,0.6111,63.3,0.5252088735234803,0.08585422068568127
wesad,vqc,angle,2,sv,sv,bce,0.49439124487004105,0.4944,63.1,0.4612859097127223,0.03310533515731873
wesad,vqc,zz,1,sv,sv,bce,0.44350995234090274,0.4435,119.8,0.48780487804878053,-0.0442949257078778
wesad,vqc,zz,0,sv,sv,bce,0.5736099106885624,0.5736,139.3,0.5154134255257851,0.05819648516277731
wesad,vqc,zz,2,sv,sv,bce,0.5097127222982216,0.5097,139.4,0.49274965800273596,0.016963064295485664
wesad,vqc,reuploading,2,sv,sv,bce,0.4979480164158686,0.4979,130.4,0.400547195622435,0.0974008207934336
wesad,vqc,reuploading,1,sv,sv,bce,0.5777964676198486,0.5778,174.8,0.4987384356602187,0.0790580319596299
wesad,vqc,reuploading,0,sv,sv,bce,0.43244021895707285,0.4324,175.1,0.5344281186977816,-0.10198789974070877
