tag,task,model,encoding,mitig,roc_auc,roc_auc_pool,roc_auc_logged,n_train,n_test,n_pool,circuits,shots,quantum_seconds,qpu_min,session,jobs,two_qubit,depth,align_max_abs_diff,backend,per_class_auc,bell
phoenix_2026-09,apnea,fqk,angle,none,0.7929292929292929,0.6969426673228347,0.7929292929292929,64,80,510,9440,1024,116,1.93,e50788f2-d343-45d8-939c-73cd308ae974,dargfqihcrkc73drka9g;dargfvdvr3kc73eit4fg;darggaahcrkc73drkao0,0,7,0.0,ibm_phoenix,,0.991943359375
phoenix_2026-09,apnea,pqk,angle,none,0.6867645358918044,0.692513533464567,0.686787654606404,256,416,510,766,1024,34,0.57,e50788f2-d343-45d8-939c-73cd308ae974,darghstvr3kc73eit6j0;dargi5rg95ks73eeap6g,6,10,0.0,ibm_phoenix,,0.991943359375
phoenix_2026-09,ptbxl,fqk,angle,none,0.6391977893857934,0.664248522527785,0.6298748727191268,64,80,512,9472,1024,116,1.93,e50788f2-d343-45d8-939c-73cd308ae974,dargii3g95ks73eeaprg;dargimlvr3kc73eit850;dargj1rojkfs738o4420,0,7,0.0,ibm_phoenix,0.6698;0.5254;0.7442;0.5170;0.7396,0.991943359375
phoenix_2026-09,ptbxl,pqk,angle,none,0.6501037330072181,0.6661332473409413,0.650092504262639,256,416,512,768,1024,34,0.57,e50788f2-d343-45d8-939c-73cd308ae974,dargkkrg95ks73eeau9g;dargktrojkfs738o4840,8,12,0.0,ibm_phoenix,0.6459;0.5630;0.7206;0.5940;0.7270,0.991943359375
phoenix_2026-09,apnea,pqk,angle,trex,0.6800832273725581,0.6776267224409448,0.6800369899433591,256,416,510,766,1024,35,0.58,e50788f2-d343-45d8-939c-73cd308ae974,darglbtvr3kc73eitdag;darglp3g95ks73eeavv0,6,10,0.0,ibm_phoenix,,0.991943359375
phoenix_2026-09,ptbxl,pqk-zz,zz,none,0.5261097895481127,0.5162361156883104,0.4908355178954659,256,416,512,768,1024,38,0.63,5bc5cc72-047f-42c0-8e2e-0c903a8e14a5,dargpbbojkfs738o4er0;dargpldvr3kc73eitk7g,28,90,0.0,ibm_phoenix,0.4862;0.5666;0.5354;0.5216;0.5207,0.99365234375
phoenix_2026-09,apnea,vqc-sv,angle,none,0.7973209891732285,0.7973209891732285,0.7973209891732285,512,510,510,510,1024,11,0.18,5bc5cc72-047f-42c0-8e2e-0c903a8e14a5,dargq3bg95ks73eeb6og,24,76,0.0,ibm_phoenix,,0.99365234375
phoenix_2026-09,apnea,vqc-noisy,angle,none,0.769646592027559,0.769646592027559,0.769646592027559,512,510,510,510,1024,11,0.18,5bc5cc72-047f-42c0-8e2e-0c903a8e14a5,dargqadvr3kc73eitl30,24,76,0.0,ibm_phoenix,,0.99365234375
phoenix_2026-09,ptbxl,vqc-sv,angle,none,0.6696287720496196,0.6683030866190129,0.6696287720496196,500,500,512,2560,1024,55,0.92,5bc5cc72-047f-42c0-8e2e-0c903a8e14a5,dargqi5vr3kc73eitlag;dargqq5vr3kc73eitlog;dargr1bojkfs738o4h6g;dargr8tvr3kc73eitm80;dargrg3g95ks73eeb8a0,32,97,0.0,ibm_phoenix,0.5941;0.6719;0.6979;0.6502;0.7341,0.99365234375
phoenix_2026-09,apnea,fqk,angle,trex,0.7916666666666667,0.6987881397637796,0.7916666666666667,64,80,510,9440,1024,118,1.97,5bc5cc72-047f-42c0-8e2e-0c903a8e14a5,dargro2hcrkc73drksi0;dargrt3g95ks73eeb8mg;dargs8rg95ks73eeb930,0,7,0.0,ibm_phoenix,,0.99365234375
phoenix_2026-09,ptbxl,fqk,angle,trex,0.6445995692815248,0.6711812482864694,0.5142349859481916,64,80,512,9472,1024,119,1.98,5bc5cc72-047f-42c0-8e2e-0c903a8e14a5,darguerg95ks73eebbcg;darguk3g95ks73eebbm0;darguvqhcrkc73drl04g,0,7,0.0,ibm_phoenix,0.6585;0.5801;0.7325;0.5072;0.7448,0.99365234375
phoenix_2026-09,ptbxl,pqk,angle,trex,0.6427683417204502,0.6559763830005404,0.6427712954938958,256,416,512,768,1024,36,0.6,5bc5cc72-047f-42c0-8e2e-0c903a8e14a5,darh103g95ks73eebes0;darh1dbg95ks73eebf80,8,12,0.0,ibm_phoenix,0.5905;0.5918;0.7051;0.5788;0.7476,0.99365234375
phoenix_2026-09,apnea,vqc-sv,angle,trex,0.7960522268700787,0.7960522268700787,0.7960522268700787,512,510,510,510,1024,12,0.2,5bc5cc72-047f-42c0-8e2e-0c903a8e14a5,darh23ahcrkc73drl3hg,24,76,0.0,ibm_phoenix,,0.99365234375
phoenix_2026-09,ptbxl,vqc-sv,angle,trex,0.6681688495036087,0.667399154037448,0.6681688495036087,500,500,512,2560,1024,65,1.08,5bc5cc72-047f-42c0-8e2e-0c903a8e14a5,darh2cihcrkc73drl3u0;darh2m2hcrkc73drl470;darh302hcrkc73drl4ig;darh3abg95ks73eebhb0;darh3ldvr3kc73eitveg,32,97,0.0,ibm_phoenix,0.6001;0.6681;0.6982;0.6404;0.7340,0.99365234375
phoenix_2026-09,ptbxl,vqc-noisy,angle,none,0.7014196586372663,0.6991011784793345,0.7014196586372663,500,500,512,2560,1024,55,0.92,3dadc1c6-74b3-4c6b-91fe-11e19242fe42,daro7ntvr3kc73ej79f0;daro7vjg95ks73eekqeg;daro873g95ks73eekqm0;daro8ebg95ks73eekqt0;daro8lbg95ks73eekr4g,32,96,0.0,ibm_phoenix,0.6571;0.6743;0.7117;0.6882;0.7758,0.994384765625
phoenix_2026-09,apnea,vqc-sv-noent,angle,none,0.5013072096456693,0.5013072096456693,0.5013072096456693,512,510,510,510,1024,9,0.15,3dadc1c6-74b3-4c6b-91fe-11e19242fe42,daro8srg95ks73eekrdg,0,7,0.0,ibm_phoenix,,0.994384765625
phoenix_2026-09,ptbxl,vqc-sv-noent,angle,none,0.5242475622763966,0.5237114444592753,0.5242475622763966,500,500,512,2560,1024,45,0.75,3dadc1c6-74b3-4c6b-91fe-11e19242fe42,daro93ahcrkc73druf7g;daro9a3g95ks73eekrr0;daro9gjg95ks73eeks20;daro9nbojkfs738oe5b0;daro9trojkfs738oe5h0,0,7,0.0,ibm_phoenix,0.5351;0.4894;0.5227;0.5164;0.5577,0.994384765625
