task,model,encoding,auc_mean,auc_std,auc_noent_mean,n_2q,runtime_s
apnea,vqc,angle,0.6403786229085959,0.030392054809184423,0.590738574785553,3,48.23333333333333
apnea,vqc,reuploading,0.5587035896798559,0.08535238711921009,0.5491372378086349,3,97.73333333333333
apnea,vqc,zz,0.5537918605694481,0.0678051049689188,0.5122285846533461,3,85.26666666666667
ptbxl,vqc,zz,0.5069785081502215,0.014818892020910097,0.49785748314332157,3,289.3
ptbxl,vqc,angle,0.506616904458505,0.026626137755372533,0.5062744600676736,3,164.36666666666667
ptbxl,vqc,reuploading,0.5044472225863407,0.03549601942609672,0.5039937004280949,3,297.7
wesad,vqc,zz,0.5191451027440334,0.06599956890729508,0.5145408897491807,3,116.56666666666666
wesad,vqc,reuploading,0.4933824804402964,0.036968644068012965,0.48861826475242803,3,125.13333333333333
wesad,vqc,angle,0.4607343350869868,0.040540660014018085,0.5741079902827994,3,63.0
