task,cell,baseline,roc_auc,auc_lo_cluster,auc_hi_cluster,auc_lo_iid,auc_hi_iid,roc_auc_platt,pr_auc,ece,brier,bal_acc,f1,threshold,n_test,n_clusters
apnea,fqk/none,logreg,0.8120232529527558,0.7428684955039011,0.8724013086573474,0.7717272663454741,0.8495499739344214,0.8120232529527558,0.7919198235466317,0.05805753761144846,0.17753911565882727,0.7527066929133859,0.7675276752767528,0.48,510,35
apnea,fqk/none,rbf_svm,0.8240649606299213,0.7586657259470281,0.8821859696996608,0.7852466866843977,0.860328024004774,0.8240495816929134,0.8182911262145458,0.1259502507283324,0.18861595252700172,0.7389271653543308,0.7577413479052824,-0.11,510,35
apnea,fqk/none,mlp,0.7516763041338583,0.6815154497214586,0.8128413795572806,0.7071553555790508,0.7935704571947718,0.7516763041338583,0.7316860869589212,0.2407521188701021,0.2678058832287234,0.6801027312992126,0.7030965391621129,0.20,510,35
apnea,fqk/none,xgboost,0.7420952263779528,0.6607866748674784,0.8151622947585087,0.6987503344472534,0.7837475601558869,0.7420952263779528,0.7128127206318858,0.19227858010597307,0.24808716031512282,0.6839167076771653,0.7140319715808171,0.19,510,35
apnea,pqk/none,logreg,0.82277312992126,0.7606722309255652,0.8759584403442479,0.7841221861245425,0.8591919360329177,0.82277312992126,0.8001400009929382,0.1482112416645112,0.19287120650969833,0.721056840551181,0.754325259515571,0.49,510,35
apnea,pqk/none,rbf_svm,0.8112235482283464,0.748026802622833,0.8666305540667579,0.7713021151418005,0.8492953119421693,0.8112235482283464,0.7880406226315512,0.048987482119683956,0.17606511799749175,0.7467704232283465,0.7650273224043715,0.04,510,35
apnea,pqk/none,mlp,0.761826402559055,0.6980302567804327,0.8179943021789415,0.7182532418588196,0.8030833030948921,0.761826402559055,0.7359300086467309,0.1898748851712623,0.23537095084922535,0.690314345472441,0.6814516129032258,0.55,510,35
apnea,pqk/none,xgboost,0.767224409448819,0.6894995074672493,0.8340658804468039,0.7240816222513009,0.8080164080810264,0.767224409448819,0.7521374801919328,0.158094738660992,0.22000233410263842,0.7078770915354331,0.7061143984220908,0.52,510,35
ptbxl,fqk/none,logreg,0.6913675768373506,0.6654385644521011,0.7174258077044376,0.6666676931924523,0.7174504815719627,0.6913675768373506,0.4449824773827068,0.22507159433939106,0.2241022854016843,0.634691695453985,0.41341377920325295,0.37;0.56;0.43;0.49;0.52,512,504
ptbxl,fqk/none,rbf_svm,0.6923107804411688,0.6651423605847139,0.7181289038153029,0.6671877692762169,0.7181692070606812,0.6922902223725831,0.433571651094696,0.13505666729132762,0.18813377001719228,0.6533387953812516,0.4746368404763469,-0.48;-0.56;0.13;-0.34;0.16,512,504
ptbxl,fqk/none,mlp,0.688990164723936,0.6597923445751497,0.717068547020173,0.6595993941342869,0.7164106805116962,0.688990164723936,0.43354591243868634,0.25000929131234545,0.2615758912298622,0.6500837988202857,0.4742904753665432,0.03;0.00;0.59;0.01;0.22,512,504
ptbxl,fqk/none,xgboost,0.6749697614913626,0.6498568924690709,0.700232864406524,0.6491160608066323,0.7019255927121755,0.6749697614913626,0.39626919446231557,0.1674830418180136,0.2095937583929024,0.6158108463733201,0.4377708117440231,0.10;0.08;0.35;0.09;0.05,512,504
ptbxl,pqk/none,logreg,0.7079963661432467,0.6783149230789783,0.7354506257293513,0.6802311287054617,0.7373446918314722,0.7079963661432467,0.447842122531378,0.2073591569106416,0.21205591930918288,0.6509192395231187,0.47792316180145866,0.49;0.45;0.45;0.54;0.46,512,504
ptbxl,pqk/none,rbf_svm,0.7115476728551137,0.682736265733119,0.7379966291960969,0.6839736120941503,0.7404910015412384,0.6313586743415531,0.45809190426036217,0.13998723458716872,0.19039872970942734,0.6203979984487626,0.47371414311189775,-0.91;-0.43;-0.70;-0.03;-0.36,512,504
ptbxl,pqk/none,mlp,0.6577533421667827,0.6280877656896425,0.6873129382005514,0.6280638822173282,0.6877268466449349,0.6577533421667827,0.41669446938221527,0.24358065780376842,0.26116957502875715,0.6122139776132076,0.41824076230479645,0.17;0.37;0.31;0.30;0.22,512,504
ptbxl,pqk/none,xgboost,0.6842433219437829,0.6534374165125836,0.7146582671881571,0.6545721175559258,0.7137434759752154,0.6842433219437829,0.43101125465998075,0.12618445629236702,0.1915766190301909,0.6214478309261944,0.45717151709391024,0.17;0.17;0.32;0.46;0.31,512,504
apnea,pqk/trex,logreg,0.82277312992126,0.7606722309255652,0.8759584403442479,0.7841221861245425,0.8591919360329177,0.82277312992126,0.8001400009929382,0.1482112416645112,0.19287120650969833,0.721056840551181,0.754325259515571,0.49,510,35
apnea,pqk/trex,rbf_svm,0.8112235482283464,0.748026802622833,0.8666305540667579,0.7713021151418005,0.8492953119421693,0.8112235482283464,0.7880406226315512,0.048987482119683956,0.17606511799749175,0.7467704232283465,0.7650273224043715,0.04,510,35
apnea,pqk/trex,mlp,0.761826402559055,0.6980302567804327,0.8179943021789415,0.7182532418588196,0.8030833030948921,0.761826402559055,0.7359300086467309,0.1898748851712623,0.23537095084922535,0.690314345472441,0.6814516129032258,0.55,510,35
apnea,pqk/trex,xgboost,0.767224409448819,0.6894995074672493,0.8340658804468039,0.7240816222513009,0.8080164080810264,0.767224409448819,0.7521374801919328,0.158094738660992,0.22000233410263842,0.7078770915354331,0.7061143984220908,0.52,510,35
ptbxl,pqk-zz/none,logreg,0.7079963661432467,0.6783149230789783,0.7354506257293513,0.6802311287054617,0.7373446918314722,0.7079963661432467,0.447842122531378,0.2073591569106416,0.21205591930918288,0.6509192395231187,0.47792316180145866,0.49;0.45;0.45;0.54;0.46,512,504
ptbxl,pqk-zz/none,rbf_svm,0.7115476728551137,0.682736265733119,0.7379966291960969,0.6839736120941503,0.7404910015412384,0.6313586743415531,0.45809190426036217,0.13998723458716872,0.19039872970942734,0.6203979984487626,0.47371414311189775,-0.91;-0.43;-0.70;-0.03;-0.36,512,504
ptbxl,pqk-zz/none,mlp,0.6577533421667827,0.6280877656896425,0.6873129382005514,0.6280638822173282,0.6877268466449349,0.6577533421667827,0.41669446938221527,0.24358065780376842,0.26116957502875715,0.6122139776132076,0.41824076230479645,0.17;0.37;0.31;0.30;0.22,512,504
ptbxl,pqk-zz/none,xgboost,0.6842433219437829,0.6534374165125836,0.7146582671881571,0.6545721175559258,0.7137434759752154,0.6842433219437829,0.43101125465998075,0.12618445629236702,0.1915766190301909,0.6214478309261944,0.45717151709391024,0.17;0.17;0.32;0.46;0.31,512,504
apnea,vqc-sv/none,logreg,0.825572096456693,0.7591611967019494,0.8804537256418941,0.7866598306073519,0.860816618625277,0.825572096456693,0.8106813037615928,0.0691984434551903,0.17324187428987115,0.7566590797244095,0.7695167286245354,0.52,510,35
apnea,vqc-sv/none,rbf_svm,0.8090397391732285,0.7453939550738331,0.8584857157124037,0.7718780477149628,0.8465454367183194,0.8090474286417324,0.7808017111205777,0.05285462027166334,0.17650009821884313,0.7430179625984252,0.7514231499051234,0.02,510,35
apnea,vqc-sv/none,mlp,0.8231576033464567,0.7613627844615324,0.8725279697735474,0.7874684486291674,0.8568553851857874,0.8231576033464567,0.8138680136153806,0.10162635035558087,0.1803842855197205,0.7589197834645669,0.7535070140280561,0.65,510,35
apnea,vqc-sv/none,xgboost,0.8296859621062992,0.7619377313983419,0.8842664605875086,0.79345628959223,0.8628797112773553,0.8296859621062992,0.8111284413628291,0.060690278125306,0.17227247518346583,0.7510765255905512,0.7454909819639278,0.63,510,35
apnea,vqc-noisy/none,logreg,0.825572096456693,0.7591611967019494,0.8804537256418941,0.7866598306073519,0.860816618625277,0.825572096456693,0.8106813037615928,0.0691984434551903,0.17324187428987115,0.7566590797244095,0.7695167286245354,0.52,510,35
apnea,vqc-noisy/none,rbf_svm,0.8090397391732285,0.7453939550738331,0.8584857157124037,0.7718780477149628,0.8465454367183194,0.8090474286417324,0.7808017111205777,0.05285462027166334,0.17650009821884313,0.7430179625984252,0.7514231499051234,0.02,510,35
apnea,vqc-noisy/none,mlp,0.8231576033464567,0.7613627844615324,0.8725279697735474,0.7874684486291674,0.8568553851857874,0.8231576033464567,0.8138680136153806,0.10162635035558087,0.1803842855197205,0.7589197834645669,0.7535070140280561,0.65,510,35
apnea,vqc-noisy/none,xgboost,0.8296859621062992,0.7619377313983419,0.8842664605875086,0.79345628959223,0.8628797112773553,0.8296859621062992,0.8111284413628291,0.060690278125306,0.17227247518346583,0.7510765255905512,0.7454909819639278,0.63,510,35
ptbxl,vqc-sv/none,logreg,0.7319827955669883,0.7041614764603104,0.7584008664199218,0.7061524392774305,0.7576210003201131,0.7319827955669883,0.4839076545687829,0.21362882156183832,0.21269790568162442,0.6738201366998409,0.5059066012700966,0.46;0.53;0.48;0.53;0.49,512,504
ptbxl,vqc-sv/none,rbf_svm,0.7442024923590254,0.7173369135006767,0.7697302817923412,0.7186578978692344,0.7695823455407923,0.7441987308603404,0.503079058733246,0.11810749093059385,0.17013467104383634,0.6795110273353862,0.5043412335360685,-0.45;0.00;-0.19;-0.09;-0.35,512,504
ptbxl,vqc-sv/none,mlp,0.7072062317136101,0.6776144418298335,0.7335543205056384,0.6795013106131117,0.7345696841742332,0.7072062317136101,0.47812466231785977,0.17480373425531628,0.20773534155228535,0.642963647317605,0.48094812063254516,0.00;0.22;0.59;0.25;0.52,512,504
ptbxl,vqc-sv/none,xgboost,0.7320997990092047,0.702100706520036,0.759750560948769,0.7045888374423399,0.7600589954920633,0.7320997990092047,0.49873238904612965,0.10759746709245518,0.17369085673462314,0.677902659482709,0.5075193849304582,0.21;0.38;0.34;0.39;0.33,512,504
apnea,fqk/trex,logreg,0.8120232529527558,0.7428684955039011,0.8724013086573474,0.7717272663454741,0.8495499739344214,0.8120232529527558,0.7919198235466317,0.05805753761144846,0.17753911565882727,0.7527066929133859,0.7675276752767528,0.48,510,35
apnea,fqk/trex,rbf_svm,0.8240649606299213,0.7586657259470281,0.8821859696996608,0.7852466866843977,0.860328024004774,0.8240495816929134,0.8182911262145458,0.1259502507283324,0.18861595252700172,0.7389271653543308,0.7577413479052824,-0.11,510,35
apnea,fqk/trex,mlp,0.7516763041338583,0.6815154497214586,0.8128413795572806,0.7071553555790508,0.7935704571947718,0.7516763041338583,0.7316860869589212,0.2407521188701021,0.2678058832287234,0.6801027312992126,0.7030965391621129,0.20,510,35
apnea,fqk/trex,xgboost,0.7420952263779528,0.6607866748674784,0.8151622947585087,0.6987503344472534,0.7837475601558869,0.7420952263779528,0.7128127206318858,0.19227858010597307,0.24808716031512282,0.6839167076771653,0.7140319715808171,0.19,510,35
ptbxl,fqk/trex,logreg,0.6913675768373506,0.6654385644521011,0.7174258077044376,0.6666676931924523,0.7174504815719627,0.6913675768373506,0.4449824773827068,0.22507159433939106,0.2241022854016843,0.634691695453985,0.41341377920325295,0.37;0.56;0.43;0.49;0.52,512,504
ptbxl,fqk/trex,rbf_svm,0.6923107804411688,0.6651423605847139,0.7181289038153029,0.6671877692762169,0.7181692070606812,0.6922902223725831,0.433571651094696,0.13505666729132762,0.18813377001719228,0.6533387953812516,0.4746368404763469,-0.48;-0.56;0.13;-0.34;0.16,512,504
ptbxl,fqk/trex,mlp,0.688990164723936,0.6597923445751497,0.717068547020173,0.6595993941342869,0.7164106805116962,0.688990164723936,0.43354591243868634,0.25000929131234545,0.2615758912298622,0.6500837988202857,0.4742904753665432,0.03;0.00;0.59;0.01;0.22,512,504
ptbxl,fqk/trex,xgboost,0.6749697614913626,0.6498568924690709,0.700232864406524,0.6491160608066323,0.7019255927121755,0.6749697614913626,0.39626919446231557,0.1674830418180136,0.2095937583929024,0.6158108463733201,0.4377708117440231,0.10;0.08;0.35;0.09;0.05,512,504
ptbxl,pqk/trex,logreg,0.7079963661432467,0.6783149230789783,0.7354506257293513,0.6802311287054617,0.7373446918314722,0.7079963661432467,0.447842122531378,0.2073591569106416,0.21205591930918288,0.6509192395231187,0.47792316180145866,0.49;0.45;0.45;0.54;0.46,512,504
ptbxl,pqk/trex,rbf_svm,0.7115476728551137,0.682736265733119,0.7379966291960969,0.6839736120941503,0.7404910015412384,0.6313586743415531,0.45809190426036217,0.13998723458716872,0.19039872970942734,0.6203979984487626,0.47371414311189775,-0.91;-0.43;-0.70;-0.03;-0.36,512,504
ptbxl,pqk/trex,mlp,0.6577533421667827,0.6280877656896425,0.6873129382005514,0.6280638822173282,0.6877268466449349,0.6577533421667827,0.41669446938221527,0.24358065780376842,0.26116957502875715,0.6122139776132076,0.41824076230479645,0.17;0.37;0.31;0.30;0.22,512,504
ptbxl,pqk/trex,xgboost,0.6842433219437829,0.6534374165125836,0.7146582671881571,0.6545721175559258,0.7137434759752154,0.6842433219437829,0.43101125465998075,0.12618445629236702,0.1915766190301909,0.6214478309261944,0.45717151709391024,0.17;0.17;0.32;0.46;0.31,512,504
apnea,vqc-sv/trex,logreg,0.825572096456693,0.7591611967019494,0.8804537256418941,0.7866598306073519,0.860816618625277,0.825572096456693,0.8106813037615928,0.0691984434551903,0.17324187428987115,0.7566590797244095,0.7695167286245354,0.52,510,35
apnea,vqc-sv/trex,rbf_svm,0.8090397391732285,0.7453939550738331,0.8584857157124037,0.7718780477149628,0.8465454367183194,0.8090474286417324,0.7808017111205777,0.05285462027166334,0.17650009821884313,0.7430179625984252,0.7514231499051234,0.02,510,35
apnea,vqc-sv/trex,mlp,0.8231576033464567,0.7613627844615324,0.8725279697735474,0.7874684486291674,0.8568553851857874,0.8231576033464567,0.8138680136153806,0.10162635035558087,0.1803842855197205,0.7589197834645669,0.7535070140280561,0.65,510,35
apnea,vqc-sv/trex,xgboost,0.8296859621062992,0.7619377313983419,0.8842664605875086,0.79345628959223,0.8628797112773553,0.8296859621062992,0.8111284413628291,0.060690278125306,0.17227247518346583,0.7510765255905512,0.7454909819639278,0.63,510,35
ptbxl,vqc-sv/trex,logreg,0.7319827955669883,0.7041614764603104,0.7584008664199218,0.7061524392774305,0.7576210003201131,0.7319827955669883,0.4839076545687829,0.21362882156183832,0.21269790568162442,0.6738201366998409,0.5059066012700966,0.46;0.53;0.48;0.53;0.49,512,504
ptbxl,vqc-sv/trex,rbf_svm,0.7442024923590254,0.7173369135006767,0.7697302817923412,0.7186578978692344,0.7695823455407923,0.7441987308603404,0.503079058733246,0.11810749093059385,0.17013467104383634,0.6795110273353862,0.5043412335360685,-0.45;0.00;-0.19;-0.09;-0.35,512,504
ptbxl,vqc-sv/trex,mlp,0.7072062317136101,0.6776144418298335,0.7335543205056384,0.6795013106131117,0.7345696841742332,0.7072062317136101,0.47812466231785977,0.17480373425531628,0.20773534155228535,0.642963647317605,0.48094812063254516,0.00;0.22;0.59;0.25;0.52,512,504
ptbxl,vqc-sv/trex,xgboost,0.7320997990092047,0.702100706520036,0.759750560948769,0.7045888374423399,0.7600589954920633,0.7320997990092047,0.49873238904612965,0.10759746709245518,0.17369085673462314,0.677902659482709,0.5075193849304582,0.21;0.38;0.34;0.39;0.33,512,504
ptbxl,vqc-noisy/none,logreg,0.7319827955669883,0.7041614764603104,0.7584008664199218,0.7061524392774305,0.7576210003201131,0.7319827955669883,0.4839076545687829,0.21362882156183832,0.21269790568162442,0.6738201366998409,0.5059066012700966,0.46;0.53;0.48;0.53;0.49,512,504
ptbxl,vqc-noisy/none,rbf_svm,0.7442024923590254,0.7173369135006767,0.7697302817923412,0.7186578978692344,0.7695823455407923,0.7441987308603404,0.503079058733246,0.11810749093059385,0.17013467104383634,0.6795110273353862,0.5043412335360685,-0.45;0.00;-0.19;-0.09;-0.35,512,504
ptbxl,vqc-noisy/none,mlp,0.7072062317136101,0.6776144418298335,0.7335543205056384,0.6795013106131117,0.7345696841742332,0.7072062317136101,0.47812466231785977,0.17480373425531628,0.20773534155228535,0.642963647317605,0.48094812063254516,0.00;0.22;0.59;0.25;0.52,512,504
ptbxl,vqc-noisy/none,xgboost,0.7320997990092047,0.702100706520036,0.759750560948769,0.7045888374423399,0.7600589954920633,0.7320997990092047,0.49873238904612965,0.10759746709245518,0.17369085673462314,0.677902659482709,0.5075193849304582,0.21;0.38;0.34;0.39;0.33,512,504
apnea,vqc-sv-noent/none,logreg,0.825572096456693,0.7591611967019494,0.8804537256418941,0.7866598306073519,0.860816618625277,0.825572096456693,0.8106813037615928,0.0691984434551903,0.17324187428987115,0.7566590797244095,0.7695167286245354,0.52,510,35
apnea,vqc-sv-noent/none,rbf_svm,0.8090397391732285,0.7453939550738331,0.8584857157124037,0.7718780477149628,0.8465454367183194,0.8090474286417324,0.7808017111205777,0.05285462027166334,0.17650009821884313,0.7430179625984252,0.7514231499051234,0.02,510,35
apnea,vqc-sv-noent/none,mlp,0.8231576033464567,0.7613627844615324,0.8725279697735474,0.7874684486291674,0.8568553851857874,0.8231576033464567,0.8138680136153806,0.10162635035558087,0.1803842855197205,0.7589197834645669,0.7535070140280561,0.65,510,35
apnea,vqc-sv-noent/none,xgboost,0.8296859621062992,0.7619377313983419,0.8842664605875086,0.79345628959223,0.8628797112773553,0.8296859621062992,0.8111284413628291,0.060690278125306,0.17227247518346583,0.7510765255905512,0.7454909819639278,0.63,510,35
ptbxl,vqc-sv-noent/none,logreg,0.7319827955669883,0.7041614764603104,0.7584008664199218,0.7061524392774305,0.7576210003201131,0.7319827955669883,0.4839076545687829,0.21362882156183832,0.21269790568162442,0.6738201366998409,0.5059066012700966,0.46;0.53;0.48;0.53;0.49,512,504
ptbxl,vqc-sv-noent/none,rbf_svm,0.7442024923590254,0.7173369135006767,0.7697302817923412,0.7186578978692344,0.7695823455407923,0.7441987308603404,0.503079058733246,0.11810749093059385,0.17013467104383634,0.6795110273353862,0.5043412335360685,-0.45;0.00;-0.19;-0.09;-0.35,512,504
ptbxl,vqc-sv-noent/none,mlp,0.7072062317136101,0.6776144418298335,0.7335543205056384,0.6795013106131117,0.7345696841742332,0.7072062317136101,0.47812466231785977,0.17480373425531628,0.20773534155228535,0.642963647317605,0.48094812063254516,0.00;0.22;0.59;0.25;0.52,512,504
ptbxl,vqc-sv-noent/none,xgboost,0.7320997990092047,0.702100706520036,0.759750560948769,0.7045888374423399,0.7600589954920633,0.7320997990092047,0.49873238904612965,0.10759746709245518,0.17369085673462314,0.677902659482709,0.5075193849304582,0.21;0.38;0.34;0.39;0.33,512,504
