task,model,encoding,mitig,source,backend,roc_auc,auc_lo_cluster,auc_hi_cluster,auc_lo_iid,auc_hi_iid,roc_auc_platt,pr_auc,ece,brier,bal_acc,f1,threshold,n_test,n_clusters,n_train,circuits,qpu_min,bell
apnea,fqk,angle,none,hardware,ibm_phoenix,0.6969426673228347,0.6348014639223349,0.756482711567158,0.6523158206191709,0.7416700256752675,0.6969426673228347,0.6891196041303332,0.09733707437512104,0.2361146852904618,0.6291215551181102,0.6557377049180327,-0.65,510,35,64,9440,1.93,0.991943359375
apnea,pqk,angle,none,hardware,ibm_phoenix,0.692513533464567,0.5901727966315939,0.7829422765856908,0.6442426305572695,0.7367933956317385,0.6925750492125984,0.6804507711625064,0.050667804983089766,0.22424714741888085,0.6427472933070866,0.6761565836298933,-0.21,510,35,256,766,0.57,0.991943359375
ptbxl,fqk,angle,none,hardware,ibm_phoenix,0.664248522527785,0.6363382551711642,0.6926330228076025,0.635897213837738,0.691212406151499,0.6311886812190457,0.3701983647776068,0.14474507474755022,0.201739198962923,0.6285067434977651,0.45065431358660757,-0.91;-1.03;0.01;-0.84;-1.07,512,504,64,9472,1.93,0.991943359375
ptbxl,pqk,angle,none,hardware,ibm_phoenix,0.6661332473409413,0.6361239759513686,0.6959874507774555,0.636865976512142,0.696018263314887,0.6661388700852161,0.40102412178400326,0.13876593321527445,0.19278736365265556,0.6237572320475355,0.4391903201702762,-0.93;-0.34;-0.57;-0.50;-0.70,512,504,256,768,0.57,0.991943359375
apnea,pqk,angle,trex,hardware,ibm_phoenix,0.6776267224409448,0.5727638224729086,0.7724752623538511,0.6294129583045147,0.7218372013582217,0.6775498277559054,0.6692280214675358,0.07533939881797384,0.23096203334377252,0.6353192667322834,0.6338582677165354,-0.02,510,35,256,766,0.58,0.991943359375
ptbxl,pqk-zz,zz,none,hardware,ibm_phoenix,0.5162361156883104,0.4861607518711545,0.5472999871716319,0.4857049935869062,0.5459031883887258,0.4884209006096567,0.2777868276172301,0.15438388886205684,0.20869379498019636,0.5166336199560634,0.21824350555047428,-0.57;-0.62;-0.16;-0.55;-0.75,512,504,256,768,0.63,0.99365234375
apnea,vqc-sv,angle,none,hardware,ibm_phoenix,0.7973209891732285,0.7307501280126667,0.8541543797014252,0.756643876056676,0.8343209063312754,0.7973209891732285,0.7736903855571126,0.11742110906862745,0.19816811505485984,0.7152897391732284,0.7424511545293073,0.50,510,35,512,510,0.18,0.99365234375
apnea,vqc-noisy,angle,none,hardware,ibm_phoenix,0.769646592027559,0.6983977360162914,0.829210941199275,0.7265424469455093,0.8083762829385147,0.769646592027559,0.7453798333578964,0.10475643382352941,0.20612305659873814,0.7156588336614174,0.7184466019417476,0.50,510,35,512,510,0.18,0.99365234375
ptbxl,vqc-sv,angle,none,hardware,ibm_phoenix,0.6683030866190129,0.6417232635474457,0.6938222151597355,0.6443431482272459,0.6933191534026534,0.6683030866190129,0.3962722879211863,0.16525497436523437,0.19970585480332376,0.5385671632248229,0.1762843769509955,0.50;0.50;0.50;0.50;0.50,512,504,500,2560,0.92,0.99365234375
apnea,fqk,angle,trex,hardware,ibm_phoenix,0.6987881397637796,0.636539811091375,0.7592657850628887,0.6555253628870786,0.7429766215802073,0.6988112081692914,0.6879891514420688,0.1098409629266526,0.23862376210922753,0.6507750984251969,0.6691449814126395,-0.69,510,35,64,9440,1.97,0.99365234375
ptbxl,fqk,angle,trex,hardware,ibm_phoenix,0.6711812482864694,0.6428148650108869,0.6994339945064225,0.6425064163011242,0.6986054305098889,0.5271500579066715,0.37232156724204657,0.14265464037984482,0.20191641179240366,0.6226924510414601,0.446236580826829,-1.06;-0.98;0.04;-0.91;-1.00,512,504,64,9472,1.98,0.99365234375
ptbxl,pqk,angle,trex,hardware,ibm_phoenix,0.6559763830005404,0.6259311422552589,0.6836813604427658,0.6268756889913357,0.6843253200483124,0.6559784070052361,0.3915098722442231,0.1450467547313353,0.19561146785585035,0.6136737515424017,0.41496057032448164,-0.72;-0.59;-0.83;-0.64;-0.80,512,504,256,768,0.6,0.99365234375
apnea,vqc-sv,angle,trex,hardware,ibm_phoenix,0.7960522268700787,0.728616299234152,0.8522833968162438,0.7542382107081508,0.8323825360437205,0.7960522268700787,0.7723861108134138,0.1150913616220482,0.19655417044518853,0.7172428641732284,0.7446808510638298,0.50,510,35,512,510,0.2,0.99365234375
ptbxl,vqc-sv,angle,trex,hardware,ibm_phoenix,0.667399154037448,0.6409444284879636,0.693464609795947,0.6424065659424159,0.692277997251797,0.667399154037448,0.39577676053279076,0.15573524558411556,0.19692063942209023,0.5387005786328716,0.17558646679134426,0.50;0.50;0.50;0.50;0.50,512,504,500,2560,1.08,0.99365234375
ptbxl,vqc-noisy,angle,none,hardware,ibm_phoenix,0.6991011784793345,0.6736113069912271,0.7235057087475293,0.6742531593409358,0.7233612916802681,0.6991011784793345,0.40914490829876404,0.11862068176269532,0.182360627874732,0.5389713194701896,0.1946640302430236,0.50;0.50;0.50;0.50;0.50,512,504,500,2560,0.92,0.994384765625
apnea,vqc-sv-noent,angle,none,hardware,ibm_phoenix,0.5013072096456693,0.44688790726105926,0.5549279348412136,0.45063990291563594,0.552164029459823,0.5013072096456693,0.5032617083534656,0.031357230392156855,0.24986351985557406,0.4825141486220472,0.46122448979591835,0.50,510,35,512,510,0.15,0.994384765625
ptbxl,vqc-sv-noent,angle,none,hardware,ibm_phoenix,0.5237114444592753,0.4979997515520117,0.5478338363833479,0.4991345083312831,0.5495181055822489,0.5237114444592753,0.28020787808696296,0.24215621948242189,0.25048703253269194,0.5145167994185791,0.3504473212206999,0.50;0.50;0.50;0.50;0.50,512,504,500,2560,0.75,0.994384765625
