task,model,kernel,source,kta_centered,eff_rank,num_rank,k95,lambda_min,condition,n,pqk_max_abs_Y
apnea,FQK/angle,exact (statevector = closed form),noiseless,0.15757803739297,44.14069956777854,64,48,0.007374054634270724,805.2743540865606,64,
apnea,FQK/angle,Nystrom L=16 (noiseless),noiseless,0.10685409005509498,13.440148497789595,16,14,-1.0073241831167618e-15,9.123825880003666,64,
apnea,FQK/angle,Nystrom L=16 (hardware),hardware,0.11241337651758311,13.352073990596717,16,14,-9.272455852100893e-16,9.426901387164175,64,
apnea,PQK/angle,"RBF on standardised features (noiseless, gamma=0.0833)",noiseless,0.08686855803167731,45.0468799520018,256,103,0.000927700436278228,62964.502203358636,256,0.0
apnea,PQK/angle,"RBF on standardised features (hardware, gamma=0.0556)",hardware,0.07796928811511432,68.87710864947341,256,157,0.0312566115571704,1689.332980610329,256,0.0
apnea,PQK/angle,linear Gram of raw features,noiseless,0.06291665362251204,6.787823987257116,12,9,-9.73154922979978e-14,39.66193385383612,256,0.0
ptbxl,FQK/angle,exact (statevector = closed form),noiseless,0.13761566013678297,45.16663996814728,64,50,0.069888820673797,97.99387892666668,64,
ptbxl,FQK/angle,Nystrom L=16 (noiseless),noiseless,0.11670872021015186,12.672625978712283,16,14,-1.2791263767608829e-15,16.205078026862353,64,
ptbxl,FQK/angle,Nystrom L=16 (hardware),hardware,0.11568677909679362,12.717328724933438,16,14,-1.0951903676489307e-15,13.772025394167741,64,
ptbxl,PQK/angle,"RBF on standardised features (noiseless, gamma=0.0625)",noiseless,0.056407717022341666,57.03116252541805,256,135,0.00629148211366853,9366.31485158952,256,0.0
ptbxl,PQK/angle,"RBF on standardised features (hardware, gamma=0.0417)",hardware,0.061103018153659226,79.95824097451845,256,175,0.054435550052878756,962.6892077333209,256,0.0
ptbxl,PQK/angle,linear Gram of raw features,noiseless,0.05015831822137982,6.67843922101764,16,12,-2.386426562552771e-13,73.50472172753268,256,0.0
