family,task,a,b,diff,lo,hi,p_gt0,p_boot,n_boot,lo_iid,hi_iid,primary,auc_tuned,auc_b,extra_qpu_min,p_bh
qml_vs_baseline,apnea,fqk/none,logreg,-0.11508058562992107,-0.17789333181469197,-0.05080092482947926,0.0,0.0,2000,-0.16220959966199877,-0.06998784287731497,False,,,,
qml_vs_baseline_ba,apnea,fqk/none,logreg,-0.12358513779527569,-0.18255286024592757,-0.06321090828867558,0.0,0.0,2000,,,False,,,,
qml_vs_baseline,apnea,fqk/none,rbf_svm,-0.12712229330708658,-0.1882330767175748,-0.0640015997400456,0.0,0.0,2000,-0.170852555809554,-0.08375268743689146,True,,,,0.0
qml_vs_baseline_ba,apnea,fqk/none,rbf_svm,-0.1098056102362206,-0.16836001059471822,-0.051820890841930846,0.0,0.0,2000,,,True,,,,0.0
qml_vs_baseline,apnea,fqk/none,mlp,-0.05473363681102361,-0.1190948138208598,0.014689011532116564,0.0545,0.109,2000,-0.09663678944791715,-0.014112699709513498,False,,,,
qml_vs_baseline_ba,apnea,fqk/none,mlp,-0.05098117618110243,-0.11270134127729918,0.012726152975288898,0.0545,0.11,2000,,,False,,,,
qml_vs_baseline,apnea,fqk/none,xgboost,-0.04515255905511806,-0.11117277660080849,0.027987503365019692,0.118,0.236,2000,-0.09543479215308216,0.006188682219314708,False,,,,
qml_vs_baseline_ba,apnea,fqk/none,xgboost,-0.054795152559055094,-0.11443508258056606,0.013320183024050082,0.053,0.106,2000,,,False,,,,
tuned_minus_asrun,apnea,fqk/none tuned,fqk/none as-run,0.011149729330708569,-0.01681592052384887,0.03737921007790787,0.796,0.408,2000,,,False,0.7080923966535433,,,
hardware_minus_classical_fqk,apnea,fqk/none hardware,closed-form nystrom,0.0020300196850394636,-0.0025477317403918677,0.007278143977999022,0.776,0.448,2000,,,True,,0.6949126476377953,,0.448
hardware_minus_classical_fqk,apnea,fqk/none hardware,closed-form exact,-0.03940083661417315,-0.07793486257257727,0.0014203267004899848,0.03,0.061,2000,,,False,,0.7363435039370079,,
qml_vs_baseline,apnea,pqk/none,logreg,-0.13025959645669294,-0.24174532893789416,-0.03420376143074885,0.001,0.002,2000,-0.17748614073946206,-0.08495696486956099,False,,,,
qml_vs_baseline_ba,apnea,pqk/none,logreg,-0.07830954724409445,-0.1622506506857999,-0.0043189751036988005,0.0185,0.037,2000,,,False,,,,
qml_vs_baseline,apnea,pqk/none,rbf_svm,-0.1187100147637794,-0.206353160136343,-0.039572929054017054,0.0,0.0,2000,-0.15682482425510322,-0.08235953988916263,True,,,,0.0
qml_vs_baseline_ba,apnea,pqk/none,rbf_svm,-0.10402312992125995,-0.1857601727243015,-0.030253704859242475,0.0005,0.001,2000,,,True,,,,0.0015714285714285713
qml_vs_baseline,apnea,pqk/none,mlp,-0.06931286909448797,-0.14882940969842876,0.0023623659329936853,0.0335,0.067,2000,-0.11088017884918784,-0.028623285744804158,False,,,,
qml_vs_baseline_ba,apnea,pqk/none,mlp,-0.047567052165354395,-0.11052316648695981,0.012494279145398284,0.0735,0.147,2000,,,False,,,,
qml_vs_baseline,apnea,pqk/none,xgboost,-0.07471087598425197,-0.17829156375497826,0.02595398488873106,0.071,0.142,2000,-0.1210396035459924,-0.031156761625044226,False,,,,
qml_vs_baseline_ba,apnea,pqk/none,xgboost,-0.06512979822834652,-0.1556585788206801,0.026024796165305012,0.0755,0.151,2000,,,False,,,,
tuned_minus_asrun,apnea,pqk/none tuned,pqk/none as-run,-0.015548105314960758,-0.03673153666275056,0.006108448130066205,0.08,0.161,2000,,,False,0.6769654281496063,,,
hardware_minus_classical_pqk,apnea,pqk/none hardware,closed-form features,-0.002399114173228356,-0.019076431885298277,0.012215240929542922,0.354,0.708,2000,,,True,,0.6949126476377954,,0.708
qml_vs_baseline,ptbxl,fqk/none,logreg,-0.027119054309565627,-0.05850743710493564,0.0037243392080153867,0.0445,0.089,2000,-0.058367275851231096,0.0031534973740746756,False,,,,
qml_vs_baseline_ba,ptbxl,fqk/none,logreg,-0.00618495195621982,-0.03369518235874866,0.01903249004797254,0.3195,0.639,2000,,,False,,,,
qml_vs_baseline,ptbxl,fqk/none,rbf_svm,-0.028062257913383792,-0.05173979070792881,-0.004291992284398626,0.0105,0.021,2000,-0.052190776379520465,-0.004046068625986983,True,,,,0.025666666666666667
qml_vs_baseline_ba,ptbxl,fqk/none,rbf_svm,-0.024832051883486472,-0.04771451922303161,-0.0016587930243714669,0.0185,0.037,2000,,,True,,,,0.050875
qml_vs_baseline,ptbxl,fqk/none,mlp,-0.024741642196151048,-0.0507542034624542,0.0026049605079432043,0.0375,0.075,2000,-0.051783541845832524,0.0038793410612530006,False,,,,
qml_vs_baseline_ba,ptbxl,fqk/none,mlp,-0.021577055322520522,-0.0463593123364288,0.0030152220929029407,0.0455,0.091,2000,,,False,,,,
qml_vs_baseline,ptbxl,fqk/none,xgboost,-0.010721238963577573,-0.038757490194906576,0.016540018638847267,0.2195,0.439,2000,-0.03955304650376556,0.017159400577627347,False,,,,
qml_vs_baseline_ba,ptbxl,fqk/none,xgboost,0.012695897124445077,-0.012099577079116694,0.03685897396155328,0.834,0.332,2000,,,False,,,,
tuned_minus_asrun,ptbxl,fqk/none tuned,fqk/none as-run,0.004995389837681663,-0.0023164949780201754,0.01282168411436702,0.893,0.214,2000,,,False,0.6692439123654667,,,
hardware_minus_classical_fqk,ptbxl,fqk/none hardware,closed-form nystrom,-0.004046183761511224,-0.007997543007261809,0.00021440936940056625,0.034,0.068,2000,,,True,,0.6682947062892962,,0.272
hardware_minus_classical_fqk,ptbxl,fqk/none hardware,closed-form exact,-0.028159549597401523,-0.046538971075680544,-0.011183961484440955,0.001,0.002,2000,,,False,,0.6924080721251865,,
qml_vs_baseline,ptbxl,pqk/none,logreg,-0.04186311880230542,-0.07212628022461384,-0.013636137842371684,0.0015,0.003,2000,-0.07050239387036304,-0.014224008090585183,False,,,,
qml_vs_baseline_ba,ptbxl,pqk/none,logreg,-0.027162007475583172,-0.05337859500752689,-0.0011154653609009065,0.019,0.038,2000,,,False,,,,
qml_vs_baseline,ptbxl,pqk/none,rbf_svm,-0.04541442551417241,-0.07374956552892221,-0.019409665865429086,0.001,0.002,2000,-0.07265859014211683,-0.019160721192546224,True,,,,0.00275
qml_vs_baseline_ba,ptbxl,pqk/none,rbf_svm,0.0033592335987728816,-0.019661647545840433,0.026148642028146575,0.5975,0.805,2000,,,True,,,,0.805
qml_vs_baseline,ptbxl,pqk/none,mlp,0.008379905174158542,-0.022004445947826894,0.04062270391132502,0.681,0.638,2000,-0.022226134624647422,0.041421629947647594,False,,,,
qml_vs_baseline_ba,ptbxl,pqk/none,mlp,0.01154325443432791,-0.01682668155308549,0.03868685429984946,0.774,0.452,2000,,,False,,,,
qml_vs_baseline,ptbxl,pqk/none,xgboost,-0.01811007460284164,-0.04663453341901384,0.009693874302232265,0.0995,0.199,2000,-0.045890297673629454,0.009614122200535707,False,,,,
qml_vs_baseline_ba,ptbxl,pqk/none,xgboost,0.002309401121341148,-0.024837439968995765,0.03034838179430764,0.5575,0.885,2000,,,False,,,,
tuned_minus_asrun,ptbxl,pqk/none tuned,pqk/none as-run,-0.0008458130882456061,-0.009948511054724435,0.00751693497454394,0.4345,0.869,2000,,,False,0.6652874342526957,,,
hardware_minus_classical_pqk,ptbxl,pqk/none hardware,closed-form features,-0.01383769637999488,-0.03147413525969352,0.003191430951690112,0.0615,0.123,2000,,,True,,0.6799709437209361,,0.164
qml_vs_baseline_trex,apnea,pqk/trex,logreg,-0.14514640748031515,-0.2681548945990652,-0.03773616897287134,0.001,0.002,2000,-0.19292293361661864,-0.0978502887270974,False,,,,
qml_vs_baseline_ba_trex,apnea,pqk/trex,logreg,-0.08573757381889757,-0.1735917435742626,-0.008600636569077509,0.015,0.03,2000,,,False,,,,
qml_vs_baseline_trex,apnea,pqk/trex,rbf_svm,-0.13359682578740162,-0.2348625397933275,-0.043392289587055946,0.0,0.0,2000,-0.17180007353957696,-0.09514819844789348,True,,,,0.0
qml_vs_baseline_ba_trex,apnea,pqk/trex,rbf_svm,-0.11145115649606308,-0.19611011704300313,-0.03436954651288727,0.0015,0.003,2000,,,True,,,,0.006000000000000001
qml_vs_baseline_trex,apnea,pqk/trex,mlp,-0.08419968011811019,-0.17576882663951182,-0.00014877225084968275,0.0245,0.049,2000,-0.12563003872666736,-0.040350911086316575,False,,,,
qml_vs_baseline_ba_trex,apnea,pqk/trex,mlp,-0.05499507874015752,-0.11728441611202893,0.005897166048984801,0.04,0.08,2000,,,False,,,,
qml_vs_baseline_trex,apnea,pqk/trex,xgboost,-0.08959768700787418,-0.20147590080509836,0.018493361936708384,0.055,0.11,2000,-0.13610484422777688,-0.04298623528174979,False,,,,
qml_vs_baseline_ba_trex,apnea,pqk/trex,xgboost,-0.07255782480314965,-0.1652184438442752,0.01594926102267167,0.055,0.11,2000,,,False,,,,
trex_minus_none,apnea,pqk/trex,pqk/none,-0.014886811023622215,-0.03732977805311706,0.00847184979921826,0.111,0.222,2000,,,True,,,0.010000000000000009,0.666
tuned_minus_asrun,apnea,pqk/trex tuned,pqk/trex as-run,0.005705585629921406,-0.006898287947793594,0.017936096280776134,0.8125,0.375,2000,,,False,0.6833323080708662,,,
hardware_minus_classical_pqk,apnea,pqk/trex hardware,closed-form features,-0.01728592519685057,-0.0370238536469471,0.001961323800738105,0.0405,0.081,2000,,,True,,0.6949126476377954,,0.162
qml_vs_baseline,ptbxl,pqk-zz/none,logreg,-0.19176025045493628,-0.23095656024604155,-0.1481993294167643,0.0,0.0,2000,-0.23223043122359285,-0.15262663871867924,False,,,,
qml_vs_baseline_ba,ptbxl,pqk-zz/none,logreg,-0.13428561956705531,-0.16489476551855298,-0.10242892365173135,0.0,0.0,2000,,,False,,,,
qml_vs_baseline,ptbxl,pqk-zz/none,rbf_svm,-0.19531155716680326,-0.23541977354735819,-0.15280658471007086,0.0,0.0,2000,-0.23707837534927248,-0.15575025860493974,True,,,,0.0
qml_vs_baseline_ba,ptbxl,pqk-zz/none,rbf_svm,-0.10376437849269926,-0.13192890554377348,-0.07560155674305326,0.0,0.0,2000,,,True,,,,0.0
qml_vs_baseline,ptbxl,pqk-zz/none,mlp,-0.1415172264784723,-0.18546610249405554,-0.09834905998085737,0.0,0.0,2000,-0.18421895269337366,-0.10008198479331191,False,,,,
qml_vs_baseline_ba,ptbxl,pqk-zz/none,mlp,-0.09558035765714423,-0.1300888936623595,-0.060992211736649246,0.0,0.0,2000,,,False,,,,
qml_vs_baseline,ptbxl,pqk-zz/none,xgboost,-0.1680072062554725,-0.21004957260919324,-0.12376675280855577,0.0,0.0,2000,-0.20951051099191534,-0.12820499718428058,False,,,,
qml_vs_baseline_ba,ptbxl,pqk-zz/none,xgboost,-0.104814210970131,-0.13869340880603107,-0.07329745139525053,0.0,0.0,2000,,,False,,,,
tuned_minus_asrun,ptbxl,pqk-zz/none tuned,pqk-zz/none as-run,-0.0026525341296134153,-0.00999495178146664,0.004551006244800556,0.243,0.486,2000,,,False,0.513583581558697,,,
qml_vs_baseline,apnea,vqc-sv/none,logreg,-0.028251107283464583,-0.058153092303097766,-2.599517360359686e-05,0.025,0.05,2000,-0.04672033542634689,-0.011024662714295462,False,,,,
qml_vs_baseline_ba,apnea,vqc-sv/none,logreg,-0.04136934055118113,-0.07563041491299187,-0.0076133744897685625,0.0065,0.014,2000,,,False,,,,
qml_vs_baseline,apnea,vqc-sv/none,rbf_svm,-0.01171875,-0.051573499795798575,0.026716093166068405,0.277,0.554,2000,-0.03955973966828352,0.015322385053218647,True,,,,0.554
qml_vs_baseline_ba,apnea,vqc-sv/none,rbf_svm,-0.027728223425196874,-0.07537159538897592,0.015780183955651422,0.112,0.225,2000,,,True,,,,0.275
qml_vs_baseline,apnea,vqc-sv/none,mlp,-0.025836614173228245,-0.06916070190261646,0.018767456826529947,0.117,0.234,2000,-0.052423418405754395,0.00045810269965478875,False,,,,
qml_vs_baseline_ba,apnea,vqc-sv/none,mlp,-0.04363004429133854,-0.09275552666208967,0.004165042207629997,0.0365,0.073,2000,,,False,,,,
qml_vs_baseline,apnea,vqc-sv/none,xgboost,-0.032364972933070724,-0.06377706371535058,-0.0006625695865576893,0.023,0.046,2000,-0.054767393364235493,-0.010880330969994224,False,,,,
qml_vs_baseline_ba,apnea,vqc-sv/none,xgboost,-0.0357867864173228,-0.08061631047906574,0.005935421742253457,0.0475,0.095,2000,,,False,,,,
qml_vs_baseline,apnea,vqc-noisy/none,logreg,-0.05592550442913402,-0.09002912001711469,-0.02214111762248976,0.001,0.002,2000,-0.0801026971995741,-0.03358400615148016,False,,,,
qml_vs_baseline_ba,apnea,vqc-noisy/none,logreg,-0.04100024606299213,-0.07910489417429334,-0.005309927567327278,0.013,0.027,2000,,,False,,,,
qml_vs_baseline,apnea,vqc-noisy/none,rbf_svm,-0.03939314714566944,-0.08736346708645466,0.004572424472306631,0.0365,0.073,2000,-0.07283783004938128,-0.007627743537405973,True,,,,0.0803
qml_vs_baseline_ba,apnea,vqc-noisy/none,rbf_svm,-0.02735912893700787,-0.07867982055158723,0.02299295378083504,0.136,0.274,2000,,,True,,,,0.3014
qml_vs_baseline,apnea,vqc-noisy/none,mlp,-0.05351101131889768,-0.10705036501843901,-0.00011121535781874597,0.0245,0.049,2000,-0.08333702348864067,-0.023590109682825246,False,,,,
qml_vs_baseline_ba,apnea,vqc-noisy/none,mlp,-0.04326094980314954,-0.09331934568576512,0.006974440378298575,0.0405,0.081,2000,,,False,,,,
qml_vs_baseline,apnea,vqc-noisy/none,xgboost,-0.06003937007874016,-0.09977425951636504,-0.02246808486625974,0.0015,0.003,2000,-0.08694979737816798,-0.035635179102240434,False,,,,
qml_vs_baseline_ba,apnea,vqc-noisy/none,xgboost,-0.0354176919291338,-0.0808176917749337,0.006969886586074683,0.054,0.108,2000,,,False,,,,
qml_vs_baseline,ptbxl,vqc-sv/none,logreg,-0.06367970894797537,-0.08605615851133669,-0.03939824757404992,0.0,0.0,2000,-0.08616524600718974,-0.040947269088569264,False,,,,
qml_vs_baseline_ba,ptbxl,vqc-sv/none,logreg,-0.13525297347501797,-0.16081122041404272,-0.10999810109040475,0.0,0.0,2000,,,False,,,,
qml_vs_baseline,ptbxl,vqc-sv/none,rbf_svm,-0.07589940574001242,-0.09821192622277215,-0.051127107452793925,0.0,0.0,2000,-0.09874429119428586,-0.051934146809799374,True,,,,0.0
qml_vs_baseline_ba,ptbxl,vqc-sv/none,rbf_svm,-0.14094386411056326,-0.16717690488704962,-0.11525696823041036,0.0,0.0,2000,,,True,,,,0.0
qml_vs_baseline,ptbxl,vqc-sv/none,mlp,-0.038903145094597136,-0.06564591028055898,-0.007729833940062562,0.004,0.008,2000,-0.06633431002551671,-0.010041005531239914,False,,,,
qml_vs_baseline_ba,ptbxl,vqc-sv/none,mlp,-0.10439648409278213,-0.12934098098348298,-0.07795045182459123,0.0,0.0,2000,,,False,,,,
qml_vs_baseline,ptbxl,vqc-sv/none,xgboost,-0.0637967123901918,-0.09040740347242246,-0.03591183935404271,0.0,0.0,2000,-0.09035902393007741,-0.03688368857412742,False,,,,
qml_vs_baseline_ba,ptbxl,vqc-sv/none,xgboost,-0.1393354962578861,-0.16606337665835966,-0.11226604258300031,0.0,0.0,2000,,,False,,,,
qml_vs_baseline_trex,apnea,fqk/trex,logreg,-0.11323511318897617,-0.1740355741460673,-0.05209089177120387,0.0,0.0,2000,-0.1596284113162391,-0.06782087039277172,False,,,,
qml_vs_baseline_ba_trex,apnea,fqk/trex,logreg,-0.101931594488189,-0.14671067519086864,-0.05444783251842405,0.0,0.0,2000,,,False,,,,
qml_vs_baseline_trex,apnea,fqk/trex,rbf_svm,-0.12527682086614167,-0.18456258768269704,-0.06593566218948387,0.0,0.0,2000,-0.16890269419869489,-0.08201294224348848,True,,,,0.0
qml_vs_baseline_ba_trex,apnea,fqk/trex,rbf_svm,-0.08815206692913391,-0.12972686949273646,-0.044362331331022735,0.0,0.0,2000,,,True,,,,0.0
qml_vs_baseline_trex,apnea,fqk/trex,mlp,-0.052888164370078705,-0.11355777988797898,0.011356585284570259,0.0505,0.101,2000,-0.09426231496043147,-0.011410727745389222,False,,,,
qml_vs_baseline_ba_trex,apnea,fqk/trex,mlp,-0.02932763287401574,-0.07724942063281785,0.021268944268944327,0.1315,0.264,2000,,,False,,,,
qml_vs_baseline_trex,apnea,fqk/trex,xgboost,-0.04330708661417315,-0.10953222938976014,0.02819990979756867,0.1235,0.247,2000,-0.09167864997462362,0.0067101020612368315,False,,,,
qml_vs_baseline_ba_trex,apnea,fqk/trex,xgboost,-0.03314160925196841,-0.08833146160220487,0.03410971110488219,0.158,0.316,2000,,,False,,,,
trex_minus_none,apnea,fqk/trex,fqk/none,0.0018454724409449064,-0.005424476534097813,0.00920430243892741,0.693,0.614,2000,,,True,,,0.040000000000000036,0.87
tuned_minus_asrun,apnea,fqk/trex tuned,fqk/trex as-run,0.007658710629921184,-0.01344045445953101,0.029531484595766006,0.764,0.472,2000,,,False,0.7064468503937008,,,
hardware_minus_classical_fqk,apnea,fqk/trex hardware,closed-form nystrom,0.00387549212598437,-0.002506495433030448,0.010546650211895612,0.879,0.242,2000,,,True,,0.6949126476377953,,0.32266666666666666
hardware_minus_classical_fqk,apnea,fqk/trex hardware,closed-form exact,-0.037555364173228245,-0.07508766599123208,0.00022438771323449015,0.027,0.054,2000,,,False,,0.7363435039370079,,
qml_vs_baseline_trex,ptbxl,fqk/trex,logreg,-0.020186328550881205,-0.05113916175930473,0.011640768621890934,0.101,0.202,2000,-0.05125549977574889,0.01027463626774229,False,,,,
qml_vs_baseline_ba_trex,ptbxl,fqk/trex,logreg,-0.011999244412524868,-0.03757707690102666,0.013900110536573838,0.1815,0.363,2000,,,False,,,,
qml_vs_baseline_trex,ptbxl,fqk/trex,rbf_svm,-0.02112953215469937,-0.04512781103610883,0.003197427564011003,0.0455,0.091,2000,-0.045678630873509644,0.003364137739181294,True,,,,0.1092
qml_vs_baseline_ba_trex,ptbxl,fqk/trex,rbf_svm,-0.03064634433979152,-0.055668696757708795,-0.004994691486455596,0.01,0.02,2000,,,True,,,,0.03
qml_vs_baseline_trex,ptbxl,fqk/trex,mlp,-0.017808916437466626,-0.04395309628141817,0.00954880252529742,0.095,0.19,2000,-0.04484242740435434,0.01000562798586394,False,,,,
qml_vs_baseline_ba_trex,ptbxl,fqk/trex,mlp,-0.02739134777882557,-0.05290419256879504,-0.00014747664802286888,0.0245,0.049,2000,,,False,,,,
qml_vs_baseline_trex,ptbxl,fqk/trex,xgboost,-0.0037885132048931514,-0.031954068146208575,0.02386539384740663,0.396,0.792,2000,-0.03189288054767366,0.024336731082846546,False,,,,
qml_vs_baseline_ba_trex,ptbxl,fqk/trex,xgboost,0.006881604668140029,-0.019118318479623017,0.03376439249058524,0.693,0.614,2000,,,False,,,,
trex_minus_none,ptbxl,fqk/trex,fqk/none,0.0069327257586844215,0.001510213671997479,0.012199784144615951,0.996,0.008,2000,,,True,,,0.050000000000000044,0.048
tuned_minus_asrun,ptbxl,fqk/trex tuned,fqk/trex as-run,0.004423886199147797,-0.0012705041894969598,0.010448627169268594,0.932,0.136,2000,,,False,0.6756051344856172,,,
hardware_minus_classical_fqk,ptbxl,fqk/trex hardware,closed-form nystrom,0.0028865419971731976,-0.0014289517140275599,0.007230811012281543,0.9,0.2,2000,,,True,,0.6682947062892962,,0.32266666666666666
hardware_minus_classical_fqk,ptbxl,fqk/trex hardware,closed-form exact,-0.0212268238387171,-0.03959245812107267,-0.003440117655886794,0.011,0.022,2000,,,False,,0.6924080721251865,,
qml_vs_baseline_trex,ptbxl,pqk/trex,logreg,-0.05201998314270628,-0.07824087191188069,-0.026359880856315104,0.0005,0.001,2000,-0.07705352242388849,-0.026743628876341498,False,,,,
qml_vs_baseline_ba_trex,ptbxl,pqk/trex,logreg,-0.03724548798071703,-0.0635785219447299,-0.014210359448709268,0.0025,0.005,2000,,,False,,,,
qml_vs_baseline_trex,ptbxl,pqk/trex,rbf_svm,-0.05557128985457327,-0.08123075576652362,-0.032255420133741664,0.0005,0.001,2000,-0.08056299241633534,-0.03189518332144648,True,,,,0.0015
qml_vs_baseline_ba_trex,ptbxl,pqk/trex,rbf_svm,-0.0067242469063609756,-0.03000998238996406,0.015972409562546582,0.2605,0.521,2000,,,True,,,,0.521
qml_vs_baseline_trex,ptbxl,pqk/trex,mlp,-0.00177695916624232,-0.03236134214075673,0.030122178418716183,0.4315,0.863,2000,-0.03175208319652327,0.029436766158639223,False,,,,
qml_vs_baseline_ba_trex,ptbxl,pqk/trex,mlp,0.0014597739291940526,-0.024849285117056384,0.026609466370244632,0.5385,0.923,2000,,,False,,,,
qml_vs_baseline_trex,ptbxl,pqk/trex,xgboost,-0.028266938943242503,-0.057207986923214195,-0.001687717901553102,0.02,0.04,2000,-0.05370999392732026,-0.0030024577177043058,False,,,,
qml_vs_baseline_ba_trex,ptbxl,pqk/trex,xgboost,-0.007774079383792709,-0.037328031281719874,0.017724480256197744,0.275,0.55,2000,,,False,,,,
trex_minus_none,ptbxl,pqk/trex,pqk/none,-0.010156864340400862,-0.03195982792407325,0.01160838987187634,0.1955,0.391,2000,,,True,,,0.030000000000000027,0.782
tuned_minus_asrun,ptbxl,pqk/trex tuned,pqk/trex as-run,-0.007034203085124369,-0.017442739918041683,0.002988599216277596,0.0875,0.175,2000,,,False,0.648942179915416,,,
hardware_minus_classical_pqk,ptbxl,pqk/trex hardware,closed-form features,-0.02399456072039574,-0.04102721254824255,-0.0070103001869317874,0.0035,0.007,2000,,,True,,0.6799709437209361,,0.028
qml_vs_baseline_trex,apnea,vqc-sv/trex,logreg,-0.029519869586614345,-0.060102538209693294,-0.00110073553901832,0.021,0.042,2000,-0.04694741064854655,-0.012182376383718696,False,,,,
qml_vs_baseline_ba_trex,apnea,vqc-sv/trex,logreg,-0.03941621555118113,-0.07644194625888054,-0.004570449701596469,0.0135,0.027,2000,,,False,,,,
qml_vs_baseline_trex,apnea,vqc-sv/trex,rbf_svm,-0.012987512303149762,-0.05224665269746316,0.025410201061631738,0.2535,0.507,2000,-0.04090088439264146,0.014047501638797226,True,,,,0.507
qml_vs_baseline_ba_trex,apnea,vqc-sv/trex,rbf_svm,-0.025775098425196874,-0.07246588682467836,0.018244683796474887,0.1275,0.255,2000,,,True,,,,0.306
qml_vs_baseline_trex,apnea,vqc-sv/trex,mlp,-0.027105376476378007,-0.06937713490460677,0.017341460391261106,0.1085,0.217,2000,-0.05379965917553217,-5.153859465615734e-05,False,,,,
qml_vs_baseline_ba_trex,apnea,vqc-sv/trex,mlp,-0.04167691929133854,-0.0848690254169419,0.0005682391962872461,0.0275,0.055,2000,,,False,,,,
qml_vs_baseline_trex,apnea,vqc-sv/trex,xgboost,-0.033633735236220486,-0.06430506662810052,-0.002626790578034192,0.0135,0.027,2000,-0.05601803491178546,-0.012305362879647948,False,,,,
qml_vs_baseline_ba_trex,apnea,vqc-sv/trex,xgboost,-0.0338336614173228,-0.07633617892217953,0.007975200200919807,0.063,0.126,2000,,,False,,,,
trex_minus_none,apnea,vqc-sv/trex,vqc-sv/none,-0.001268762303149762,-0.008004893523453183,0.0060930522378042935,0.376,0.754,2000,,,True,,,0.020000000000000018,0.87
qml_vs_baseline_trex,ptbxl,vqc-sv/trex,logreg,-0.06458364152954033,-0.08712382041005322,-0.03981498087252185,0.0,0.0,2000,-0.08828865489856148,-0.04092545329127324,False,,,,
qml_vs_baseline_ba_trex,ptbxl,vqc-sv/trex,logreg,-0.1351195580669693,-0.15896714406110438,-0.11133080960214094,0.0,0.0,2000,,,False,,,,
qml_vs_baseline_trex,ptbxl,vqc-sv/trex,rbf_svm,-0.07680333832157737,-0.09901092423323613,-0.051509747570368844,0.0,0.0,2000,-0.09964350314070197,-0.052777445718199464,True,,,,0.0
qml_vs_baseline_ba_trex,ptbxl,vqc-sv/trex,rbf_svm,-0.14081044870251458,-0.16526821297585118,-0.11592485641936144,0.0,0.0,2000,,,True,,,,0.0
qml_vs_baseline_trex,ptbxl,vqc-sv/trex,mlp,-0.039807077676162095,-0.06854626779460231,-0.00836545238520804,0.0035,0.007,2000,-0.06888040970981152,-0.01184900738046478,False,,,,
qml_vs_baseline_ba_trex,ptbxl,vqc-sv/trex,mlp,-0.10426306868473345,-0.12909052388393003,-0.07865788008641823,0.0,0.0,2000,,,False,,,,
qml_vs_baseline_trex,ptbxl,vqc-sv/trex,xgboost,-0.06470064497175676,-0.09063620167653154,-0.035675187994128825,0.0,0.0,2000,-0.09087257018924838,-0.038099576589480356,False,,,,
qml_vs_baseline_ba_trex,ptbxl,vqc-sv/trex,xgboost,-0.13920208084983743,-0.16463040810916146,-0.11200855792458991,0.0,0.0,2000,,,False,,,,
trex_minus_none,ptbxl,vqc-sv/trex,vqc-sv/none,-0.000903932581564959,-0.011001872700320759,0.008383571915965367,0.435,0.87,2000,,,True,,,0.16000000000000003,0.87
qml_vs_baseline,ptbxl,vqc-noisy/none,logreg,-0.0328816170876538,-0.05304215982762479,-0.010417846050935608,0.002,0.004,2000,-0.053884041433039986,-0.011959150212051321,False,,,,
qml_vs_baseline_ba,ptbxl,vqc-noisy/none,logreg,-0.13484881722965125,-0.15853075418621013,-0.10970059356516272,0.0,0.0,2000,,,False,,,,
qml_vs_baseline,ptbxl,vqc-noisy/none,rbf_svm,-0.04510131387969085,-0.06570341420471547,-0.020959898211291215,0.0,0.0,2000,-0.06650968182657448,-0.023218391031768804,True,,,,0.0
qml_vs_baseline_ba,ptbxl,vqc-noisy/none,rbf_svm,-0.14053970786519654,-0.16546014064293674,-0.11448288386138916,0.0,0.0,2000,,,True,,,,0.0
qml_vs_baseline,ptbxl,vqc-noisy/none,mlp,-0.008105053234275572,-0.03547436062430916,0.02016800661587302,0.2975,0.595,2000,-0.03515426292433834,0.019188770981267943,False,,,,
qml_vs_baseline_ba,ptbxl,vqc-noisy/none,mlp,-0.10399232784741541,-0.12935385029898505,-0.07744770485691076,0.0,0.0,2000,,,False,,,,
qml_vs_baseline,ptbxl,vqc-noisy/none,xgboost,-0.03299862052987024,-0.056064930530232926,-0.008061119346710933,0.004,0.008,2000,-0.0565714277047945,-0.008809882983729004,False,,,,
qml_vs_baseline_ba,ptbxl,vqc-noisy/none,xgboost,-0.1389313400125194,-0.16499305843398568,-0.1108833973574376,0.0,0.0,2000,,,False,,,,
qml_vs_baseline,apnea,vqc-sv-noent/none,logreg,-0.3242648868110237,-0.39908605494995986,-0.24567268903101516,0.0,0.0,2000,-0.384663035225681,-0.2623443788564219,False,,,,
qml_vs_baseline_ba,apnea,vqc-sv-noent/none,logreg,-0.27414493110236227,-0.33114431803375055,-0.21076926813161506,0.0,0.0,2000,,,False,,,,
qml_vs_baseline,apnea,vqc-sv-noent/none,rbf_svm,-0.30773252952755914,-0.37535462053395297,-0.2333586531338284,0.0,0.0,2000,-0.3666469583041539,-0.24988135459308589,True,,,,0.0
qml_vs_baseline_ba,apnea,vqc-sv-noent/none,rbf_svm,-0.260503813976378,-0.3261821749172977,-0.1907182292766767,0.0,0.0,2000,,,True,,,,0.0
qml_vs_baseline,apnea,vqc-sv-noent/none,mlp,-0.3218503937007874,-0.3940793208550916,-0.23949526700366094,0.0,0.0,2000,-0.38174585596741106,-0.26261444712365223,False,,,,
qml_vs_baseline_ba,apnea,vqc-sv-noent/none,mlp,-0.2764056348425197,-0.3407744024894616,-0.20405833524267772,0.0,0.0,2000,,,False,,,,
qml_vs_baseline,apnea,vqc-sv-noent/none,xgboost,-0.32837875246062986,-0.400744424262566,-0.24923812609606255,0.0,0.0,2000,-0.38715926752432345,-0.26922351613395723,False,,,,
qml_vs_baseline_ba,apnea,vqc-sv-noent/none,xgboost,-0.26856237696850394,-0.3353391330830244,-0.1981881931807138,0.0,0.0,2000,,,False,,,,
qml_vs_baseline,ptbxl,vqc-sv-noent/none,logreg,-0.208271351107713,-0.24460940898363684,-0.1708200237306549,0.0,0.0,2000,-0.24560710289314855,-0.17137173840995792,False,,,,
qml_vs_baseline_ba,ptbxl,vqc-sv-noent/none,logreg,-0.15930333728126178,-0.1942743813916269,-0.12515089796421075,0.0,0.0,2000,,,False,,,,
qml_vs_baseline,ptbxl,vqc-sv-noent/none,rbf_svm,-0.22049104789975005,-0.25784879445785847,-0.18540808073628054,0.0,0.0,2000,-0.2559528339807296,-0.1840178218915464,True,,,,0.0
qml_vs_baseline_ba,ptbxl,vqc-sv-noent/none,rbf_svm,-0.16499422791680707,-0.2011575115576733,-0.13124872437491908,0.0,0.0,2000,,,True,,,,0.0
qml_vs_baseline,ptbxl,vqc-sv-noent/none,mlp,-0.18349478725433477,-0.22200125412721858,-0.14364323099089163,0.0,0.0,2000,-0.22154116894857415,-0.14517617771194105,False,,,,
qml_vs_baseline_ba,ptbxl,vqc-sv-noent/none,mlp,-0.12844684789902594,-0.16222333282493462,-0.09294822479082562,0.0,0.0,2000,,,False,,,,
qml_vs_baseline,ptbxl,vqc-sv-noent/none,xgboost,-0.20838835454992943,-0.24642805026444792,-0.16924631777076282,0.0,0.0,2000,-0.24588244743569268,-0.1697044640499298,False,,,,
qml_vs_baseline_ba,ptbxl,vqc-sv-noent/none,xgboost,-0.16338586006412992,-0.19968178142844153,-0.12825342162863132,0.0,0.0,2000,,,False,,,,
