task,model,source,n,mean,sd,p2.5,p97.5,reps
apnea,fqk,hardware,20,0.6893624826195047,0.12332155110653845,0.42424242424242425,0.90625,1000
apnea,fqk,hardware,40,0.6930909452461471,0.08102337692490438,0.533828519570707,0.845998106060606,1000
apnea,fqk,hardware,80,0.7000759657109359,0.052452778982336024,0.5932992953772799,0.7968384740259741,1000
apnea,fqk,hardware,160,0.6963361289845347,0.03423693510736684,0.6291546435441784,0.7615451577438767,1000
apnea,fqk,hardware,240,0.6965178369762544,0.023787087348858715,0.6503584790940709,0.7408899452110254,1000
apnea,fqk,hardware,320,0.6964741777018028,0.018133479121637725,0.6614635373395218,0.7331807785246438,1000
apnea,fqk,hardware,416,0.6966662789700233,0.010748723821543373,0.6756319740946087,0.7179164296544169,1000
apnea,fqk,hardware,500,0.6968778547808975,0.0031364739686248313,0.6909871176651305,0.7034454451000777,1000
apnea,fqk,hardware,510,0.6969426673228347,0.0,0.6969426673228347,0.6969426673228347,1
apnea,pqk,hardware,20,0.6887466169002566,0.12516203393087066,0.4399375,0.9090909090909091,1000
apnea,pqk,hardware,40,0.6905221024877851,0.08094413729920598,0.5234182291666667,0.8471804511278196,1000
apnea,pqk,hardware,80,0.693542731176125,0.05324802861854559,0.5884891344214193,0.7970240573048286,1000
apnea,pqk,hardware,160,0.6908409442087359,0.035255752865050255,0.6230549019607843,0.7610652988058796,1000
apnea,pqk,hardware,240,0.6920217370783665,0.025000184630496008,0.6436095289855073,0.7422384726433671,1000
apnea,pqk,hardware,320,0.691827853593968,0.018130857698278505,0.6563948263061231,0.7275859901419427,1000
apnea,pqk,hardware,416,0.6922694560148321,0.011244574384560196,0.6712738105814345,0.715121359223301,1000
apnea,pqk,hardware,500,0.6923822212442171,0.00322476517587473,0.6867203144853985,0.6988290177463373,1000
apnea,pqk,hardware,510,0.692513533464567,0.0,0.692513533464567,0.692513533464567,1
ptbxl,fqk,hardware,20,0.6674449176895766,0.0783782053421243,0.5034190431096681,0.8087514705882352,1000
ptbxl,fqk,hardware,40,0.6615938341536639,0.04940780810972181,0.5643810291152561,0.7527123592097115,1000
ptbxl,fqk,hardware,80,0.6642952235549902,0.033181174140386335,0.595823882920329,0.7269795142960905,1000
ptbxl,fqk,hardware,160,0.6647099544671692,0.0213199682861235,0.6233103689906803,0.7065077598846761,1000
ptbxl,fqk,hardware,240,0.6639137085535907,0.014518827413698115,0.6344222436999432,0.6914089808363373,1000
ptbxl,fqk,hardware,320,0.6646818775121555,0.011245429770435902,0.6424765557662548,0.6852095565879608,1000
ptbxl,fqk,hardware,416,0.6642056323949701,0.0065610509729258516,0.6509971419554779,0.6773232194832005,1000
ptbxl,fqk,hardware,500,0.6642503702839986,0.0021596442201029555,0.660295708481805,0.6688129570403945,1000
ptbxl,fqk,hardware,512,0.664248522527785,0.0,0.664248522527785,0.664248522527785,1
ptbxl,pqk,hardware,20,0.6699456227370983,0.07791631084668597,0.5049319857816762,0.8188831436741362,1000
ptbxl,pqk,hardware,40,0.6623175025152033,0.05481084844003134,0.547951650175171,0.7637084421380358,1000
ptbxl,pqk,hardware,80,0.6652343672198744,0.03518311077737724,0.5960467524659426,0.7342751577957557,1000
ptbxl,pqk,hardware,160,0.6652531496114619,0.021870524027819936,0.6209375915558595,0.7064819424303489,1000
ptbxl,pqk,hardware,240,0.6663173782647693,0.01608140724783838,0.6363938228288604,0.7004095483651032,1000
ptbxl,pqk,hardware,320,0.6666776169567193,0.011426238855810476,0.6452994692474827,0.6890735112052924,1000
ptbxl,pqk,hardware,416,0.6660696626892398,0.007482545014190564,0.6519333608338415,0.6802291183385168,1000
ptbxl,pqk,hardware,500,0.6662496525167619,0.00244917906847645,0.6614705701217305,0.6713504404534514,1000
ptbxl,pqk,hardware,512,0.6661332473409413,0.0,0.6661332473409413,0.6661332473409413,1
ptbxl,pqk-zz,hardware,20,0.5174950878614563,0.0831796942717393,0.35746957999108736,0.6861297251424187,1000
ptbxl,pqk-zz,hardware,40,0.5178105147152455,0.05438451720589864,0.4167814083661457,0.6257201684672524,1000
ptbxl,pqk-zz,hardware,80,0.516504275214667,0.036701495391284054,0.4449563827239881,0.5891661148827554,1000
ptbxl,pqk-zz,hardware,160,0.5159866181567317,0.02319239168430863,0.47044791123589985,0.5624374499104886,1000
ptbxl,pqk-zz,hardware,240,0.515917740261367,0.016690313453587655,0.48536773477185235,0.5490438397989934,1000
ptbxl,pqk-zz,hardware,320,0.5162082392449134,0.011563382953672626,0.4943941968033257,0.5410768884063553,1000
ptbxl,pqk-zz,hardware,416,0.5161699343563219,0.007471426659933153,0.501951226808753,0.5309619665493702,1000
ptbxl,pqk-zz,hardware,500,0.516298946727715,0.0022231729324584046,0.5119874261776173,0.5209040066690099,1000
ptbxl,pqk-zz,hardware,512,0.5162361156883104,0.0,0.5162361156883104,0.5162361156883104,1
apnea,vqc-sv,hardware,20,0.7921386238924474,0.10162033232112197,0.5857725607725608,0.9687736742424242,1000
apnea,vqc-sv,hardware,40,0.792587076062897,0.06824567215177653,0.64531328125,0.9166833333333334,1000
apnea,vqc-sv,hardware,80,0.7973804110201537,0.04631388144514837,0.7013540341248793,0.8815902533567775,1000
apnea,vqc-sv,hardware,160,0.7967815162566669,0.02965985679805376,0.7375645832514929,0.8545126739505792,1000
apnea,vqc-sv,hardware,240,0.7969007001557681,0.021337335657190256,0.752149944765123,0.8364873069751674,1000
apnea,vqc-sv,hardware,320,0.7973083564581359,0.01514599397250691,0.7682300096311434,0.8263606962718159,1000
apnea,vqc-sv,hardware,416,0.7970388458362367,0.009388737398057019,0.7795254284326649,0.8151157220183374,1000
apnea,vqc-sv,hardware,500,0.7972523884178415,0.0027535724361425922,0.7925613927359763,0.8028854211091341,1000
apnea,vqc-sv,hardware,510,0.7973209891732285,0.0,0.7973209891732285,0.7973209891732285,1
apnea,vqc-noisy,hardware,20,0.7651222666345093,0.1051070667955609,0.5466363636363636,0.95,1000
apnea,vqc-noisy,hardware,40,0.7668606599361207,0.07399222672644921,0.6053214833759591,0.8925208333333332,1000
apnea,vqc-noisy,hardware,80,0.7698282590012875,0.04903282327482197,0.6770365089913933,0.8604890663198589,1000
apnea,vqc-noisy,hardware,160,0.7683526060807733,0.03139362402104574,0.7047424933141075,0.8301198653570246,1000
apnea,vqc-noisy,hardware,240,0.7689541421646625,0.023262763678777935,0.7213996242304288,0.8118192296149905,1000
apnea,vqc-noisy,hardware,320,0.7695596325900574,0.016072522787218834,0.738813603439925,0.8009934130140567,1000
apnea,vqc-noisy,hardware,416,0.7692236054502956,0.009778750592190551,0.7509938507347755,0.7888840545262802,1000
apnea,vqc-noisy,hardware,500,0.7695755977671799,0.0028281915464755908,0.7646831290740653,0.7754660992490627,1000
apnea,vqc-noisy,hardware,510,0.769646592027559,0.0,0.769646592027559,0.769646592027559,1
ptbxl,vqc-sv,hardware,20,0.664784100499847,0.06946150633844829,0.5159073120915033,0.792768705334698,1000
ptbxl,vqc-sv,hardware,40,0.6673764458158323,0.045659714486877605,0.5707467177256297,0.7469789343172819,1000
ptbxl,vqc-sv,hardware,80,0.6663046871643369,0.02982478433666985,0.6074669831095596,0.7227029545560083,1000
ptbxl,vqc-sv,hardware,160,0.6682107735594913,0.01986829221177898,0.6297766594555884,0.7069777892805831,1000
ptbxl,vqc-sv,hardware,240,0.6682222728332115,0.013502236305010629,0.6426750466702682,0.6952681956129769,1000
ptbxl,vqc-sv,hardware,320,0.6684802269231475,0.010077619780101145,0.6487982523505931,0.6878714824925382,1000
ptbxl,vqc-sv,hardware,416,0.668116994741451,0.006308409982609956,0.6554340373582258,0.6799637217529222,1000
ptbxl,vqc-sv,hardware,500,0.6684122815493115,0.0020329213803546246,0.6646158751368321,0.672508262838048,1000
ptbxl,vqc-sv,hardware,512,0.6683030866190129,0.0,0.6683030866190129,0.6683030866190129,1
ptbxl,vqc-noisy,hardware,20,0.6964114668374675,0.0707951730135938,0.5456932787698413,0.8245189731632746,1000
ptbxl,vqc-noisy,hardware,40,0.6987783864646573,0.04421317311254677,0.5994714649083203,0.7773594867232086,1000
ptbxl,vqc-noisy,hardware,80,0.6970015906346582,0.03140274012677562,0.6323821159710499,0.7575855918966572,1000
ptbxl,vqc-noisy,hardware,160,0.6990113866771083,0.018690128108843566,0.663326963372833,0.7354131730287852,1000
ptbxl,vqc-noisy,hardware,240,0.699066446204235,0.01402605534853569,0.672030499630971,0.7267819560771231,1000
ptbxl,vqc-noisy,hardware,320,0.6994129064162063,0.010271229837645899,0.6791652330485569,0.7188501040924055,1000
ptbxl,vqc-noisy,hardware,416,0.6990894962995006,0.006217589965479188,0.687370262662705,0.7117653754751496,1000
ptbxl,vqc-noisy,hardware,500,0.6992396642935701,0.0021006474526827613,0.6954670614827797,0.703503591387555,1000
ptbxl,vqc-noisy,hardware,512,0.6991011784793345,0.0,0.6991011784793345,0.6991011784793345,1
apnea,vqc-sv-noent,hardware,20,0.49970688929738566,0.1315422527876681,0.2527472527472528,0.7395833333333333,1000
apnea,vqc-sv-noent,hardware,40,0.5024993362062194,0.09026479887904712,0.32498046875,0.676725193665983,1000
apnea,vqc-sv-noent,hardware,80,0.4974198599774212,0.05864254127697756,0.3863615003417635,0.6072430644493068,1000
apnea,vqc-sv-noent,hardware,160,0.5016954009882361,0.03790309609339791,0.4251650231762499,0.5725356398251927,1000
apnea,vqc-sv-noent,hardware,240,0.5004728242093449,0.02720149450985187,0.44657905047401253,0.5529827373779507,1000
apnea,vqc-sv-noent,hardware,320,0.5018002218926608,0.020506355861747073,0.4619786732655645,0.5418336795564221,1000
apnea,vqc-sv-noent,hardware,416,0.5011391857267091,0.012228170194487104,0.47712681303121524,0.5235478823819151,1000
apnea,vqc-sv-noent,hardware,500,0.501191777703658,0.003594630295904066,0.49429490871853954,0.5080291306122449,1000
apnea,vqc-sv-noent,hardware,510,0.5013072096456693,0.0,0.5013072096456693,0.5013072096456693,1
ptbxl,vqc-sv-noent,hardware,20,0.5233566404268462,0.07144255585967205,0.38665786223580345,0.6620313971519322,1000
ptbxl,vqc-sv-noent,hardware,40,0.5232302538746751,0.04457225754591807,0.4389734433314799,0.6117736388137002,1000
ptbxl,vqc-sv-noent,hardware,80,0.5234479567165019,0.030980774510617717,0.46305443235730875,0.5832702203143224,1000
ptbxl,vqc-sv-noent,hardware,160,0.5229935844427317,0.01863411676662826,0.4883860196412558,0.5601323211425141,1000
ptbxl,vqc-sv-noent,hardware,240,0.524000641842032,0.013848792179855733,0.49734054282033574,0.5524110183686303,1000
ptbxl,vqc-sv-noent,hardware,320,0.5238017409251361,0.009985476428319352,0.5035960826949378,0.5431338335062965,1000
ptbxl,vqc-sv-noent,hardware,416,0.5237141888293421,0.00618623159702052,0.51174372772436,0.5355000342207201,1000
ptbxl,vqc-sv-noent,hardware,500,0.5237613316444941,0.002045465544775192,0.5198285960051691,0.5276153751806753,1000
ptbxl,vqc-sv-noent,hardware,512,0.5237114444592753,0.0,0.5237114444592753,0.5237114444592753,1
